Date;Open;High;Low;Close;Volume;Dividends;Stock Splits
2021-12-15 00:00:00-03:00;4,71335759977015;4,831191539764404;4,71335759977015;4,831191539764404;194742;0,0;0,0
2021-12-16 00:00:00-03:00;4,713356430466111;4,713356430466111;4,359854698181152;4,359854698181152;7975;0,0;0,0
2021-12-17 00:00:00-03:00;4,694504511693412;4,784058114495929;4,171321943792646;4,713357925415039;45474;0,0;0,0
2021-12-20 00:00:00-03:00;4,359856204849632;4,694504645039745;4,331575858713475;4,6520843505859375;13258;0,0;0,0
2021-12-21 00:00:00-03:00;4,685078212940015;4,689791679382324;4,487117566872938;4,689791679382324;7715;0,0;0,0
2021-12-22 00:00:00-03:00;4,661511150055776;4,713357925415039;4,5908105114740465;4,713357925415039;6811;0,0;0,0
2021-12-23 00:00:00-03:00;4,713359109988235;4,713359109988235;4,501258039938955;4,69450569152832;5559;0,0;0,0
2021-12-27 00:00:00-03:00;4,694504347179943;4,694504347179943;4,543677042692498;4,666224002838135;10945;0,0;0,0
2021-12-28 00:00:00-03:00;4,666223512970025;4,699217319488525;4,557816511625632;4,699217319488525;14815;0,0;0,0
2021-12-29 00:00:00-03:00;4,694502469439148;4,7086424112038445;4,694502469439148;4,7039289474487305;7531;0,0;0,0
2021-12-30 00:00:00-03:00;4,6379465504561965;4,7133602424146614;4,581386281487348;4,708646774291992;3948;0,0;0,0
2022-01-03 00:00:00-03:00;4,8311925608854365;4,8311925608854365;4,524824431946722;4,548390865325928;13169;0,0;0,0
2022-01-04 00:00:00-03:00;4,529537000637626;4,699218180980492;4,454123342485623;4,656797885894775;11403;0,0;0,0
2022-01-05 00:00:00-03:00;4,661510397081508;4,8311910931676065;4,444695949554443;4,444695949554443;70610;0,0;0,0
2022-01-06 00:00:00-03:00;4,534249142596561;4,708643288523268;4,463548971099503;4,661509990692139;8757;0,0;0,0
2022-01-07 00:00:00-03:00;4,661509990692139;4,71807021778993;4,515395733563963;4,661509990692139;17503;0,0;0,0
2022-01-10 00:00:00-03:00;4,685078142452035;4,77934567187634;4,5059709153480005;4,755778789520264;22240;0,0;0,0
2022-01-11 00:00:00-03:00;4,765202627763275;4,765202627763275;4,529534834015326;4,7039289474487305;15271;0,0;0,0
2022-01-12 00:00:00-03:00;4,685078664038845;4,722785949707031;4,496544483202633;4,722785949707031;15402;0,0;0,0
2022-01-13 00:00:00-03:00;5,024747179565902;5,790423122812985;4,871612173467812;4,952965259552002;25504;0,151;0,0
2022-01-14 00:00:00-03:00;5,26402162785166;5,26402162785166;4,9290385246276855;4,9290385246276855;13837;0,0;0,0
2022-01-17 00:00:00-03:00;5,244879199635742;5,264021076203166;4,728048075936971;4,976892471313477;29786;0,0;0,0
2022-01-18 00:00:00-03:00;5,082173082005056;5,082173082005056;4,88118314743042;4,88118314743042;35795;0,0;0,0
2022-01-19 00:00:00-03:00;5,11088753949391;5,1826694832550615;4,900326380071852;4,9338250160217285;50009;0,0;0,0
2022-01-20 00:00:00-03:00;5,072602703011066;5,072602703011066;4,809401537560595;4,8955397605896;51132;0,0;0,0
2022-01-21 00:00:00-03:00;4,895538717181252;5,053459747895808;4,895538717181252;4,905109882354736;44626;0,0;0,0
2022-01-24 00:00:00-03:00;4,9098966460542695;5,063031674641598;4,842899842858121;4,9290385246276855;30468;0,0;0,0
2022-01-25 00:00:00-03:00;4,9529666742848075;5,0008211491701395;4,871613564963451;4,909897327423096;69893;0,0;0,0
2022-01-26 00:00:00-03:00;4,909897213821144;5,01517732996004;4,84290040287767;4,919467926025391;21677;0,0;0,0
2022-01-27 00:00:00-03:00;4,929036534044404;4,938607241276806;4,847683468867091;4,890752792358398;19092;0,0;0,0
2022-01-28 00:00:00-03:00;4,967321991272745;5,091744422912598;4,929038236364845;5,091744422912598;43660;0,0;0,0
2022-01-31 00:00:00-03:00;5,091744560863657;5,22095212308386;5,072602682891095;5,168312072753906;35097;0,0;0,0
2022-02-01 00:00:00-03:00;5,168311274926229;5,177881984245904;4,952965066883116;5,153954982757568;13712;0,0;0,0
2022-02-02 00:00:00-03:00;5,1539557783690775;5,168312072753906;5,072602682891095;5,168312072753906;18776;0,0;0,0
2022-02-03 00:00:00-03:00;5,144383615265806;5,168311072193861;4,938608124614123;4,943393707275391;20674;0,0;0,0
2022-02-04 00:00:00-03:00;5,120455499793066;5,158739243402948;4,943393071502807;5,144382953643799;8783;0,0;0,0
2022-02-07 00:00:00-03:00;5,144385354712295;5,187454700469971;4,972108428060027;5,187454700469971;14517;0,0;0,0
2022-02-08 00:00:00-03:00;5,187453569933472;5,187453569933472;4,962536177982493;4,976892471313477;43099;0,0;0,0
2022-02-09 00:00:00-03:00;5,182669923646104;5,182669923646104;4,981679916381836;4,981679916381836;20112;0,0;0,0
2022-02-10 00:00:00-03:00;5,029532463200717;5,163525585560141;5,029532463200717;5,072601795196533;8534;0,0;0,0
2022-02-11 00:00:00-03:00;5,184036077046846;5,6636804341711064;4,951481405245409;5,280933856964111;101521;0,13;0,0
2022-02-14 00:00:00-03:00;5,280933731183072;5,329382851010277;5,072603624834214;5,0871381759643555;67832;0,0;0,0
2022-02-15 00:00:00-03:00;5,227640193520881;5,523178537779806;5,154966974094196;5,280933856964111;72525;0,0;0,0
2022-02-16 00:00:00-03:00;5,276089596152371;5,280934138873052;5,116208135242761;5,135587692260742;72472;0,0;0,0
2022-02-17 00:00:00-03:00;5,130742713152495;5,421436069875884;5,0386894703229395;5,067759037017822;85708;0,0;0,0
2022-02-18 00:00:00-03:00;5,184035262351923;5,184035262351923;5,062912940979004;5,062912940979004;16322;0,0;0,0
2022-02-21 00:00:00-03:00;5,169500017248211;5,169500017248211;5,038687705993652;5,038687705993652;18111;0,0;0,0
2022-02-22 00:00:00-03:00;5,1404302660275025;5,1404302660275025;5,014463424682617;5,014463424682617;21479;0,0;0,0
2022-02-23 00:00:00-03:00;5,014465056275095;5,087138275391233;4,951481384086749;5,004775047302246;26500;0,0;0,0
2022-02-24 00:00:00-03:00;4,999929844285195;5,038688954547481;4,898187064335437;4,980550289154053;31883;0,0;0,0
2022-02-25 00:00:00-03:00;5,038687725164219;5,145275483401806;4,88849632505414;4,903030872344971;54155;0,0;0,0
2022-03-02 00:00:00-03:00;5,04837886593862;5,101672526011934;4,898186970030145;5,096827983856201;13159;0,0;0,0
2022-03-03 00:00:00-03:00;5,217949467378081;5,217949467378081;4,941790279465133;5,1016716957092285;12013;0,0;0,0
2022-03-04 00:00:00-03:00;5,101673193630631;5,169501875182482;4,893343068230468;4,9660162925720215;17155;0,0;0,0
2022-03-07 00:00:00-03:00;4,966016150117767;5,06291393380861;4,941791588683786;4,995085716247559;20009;0,0;0,0
2022-03-08 00:00:00-03:00;5,096829196760022;5,111363750776104;5,014465953926989;5,106518745422363;7947;0,0;0,0
2022-03-09 00:00:00-03:00;5,106516699121464;5,2227940087453595;4,96601483448135;5,1016716957092285;46638;0,0;0,0
2022-03-10 00:00:00-03:00;4,956325168798239;5,174345716905483;4,956325168798239;5,062912940979004;30737;0,0;0,0
2022-03-11 00:00:00-03:00;5,096826346372578;5,106515889616065;4,9999281416684;5,072601795196533;24240;0,0;0,0
2022-03-14 00:00:00-03:00;5,180636212679216;5,180636212679216;4,998945713043213;4,998945713043213;23846;0,14;0,0
2022-03-15 00:00:00-03:00;4,98912239074707;5,1462599563432345;4,959659331351232;4,98912239074707;35561;0,0;0,0
2022-03-16 00:00:00-03:00;5,106975239201091;5,106975239201091;4,99403273820949;5,008764266967773;27357;0,0;0,0
2022-03-17 00:00:00-03:00;4,994033646715252;5,067691772213283;4,994033646715252;5,033318042755127;15942;0,0;0,0
2022-03-18 00:00:00-03:00;5,0333198335033025;5,175725936889648;4,9842140868292075;5,175725936889648;23196;0,0;0,0
2022-03-21 00:00:00-03:00;5,175722914626565;5,2493810233193745;5,057869753395336;5,097154140472412;32291;0,0;0,0
2022-03-22 00:00:00-03:00;5,102065462843016;5,3966984038561385;5,072601934588257;5,269023895263672;33051;0,0;0,0
2022-03-23 00:00:00-03:00;5,352503787278703;5,401609515652866;5,229739934650229;5,293577194213867;26703;0,0;0,0
2022-03-24 00:00:00-03:00;5,401611700362699;5,524375602643669;5,082425741755025;5,102067947387695;64614;0,0;0,0
2022-03-25 00:00:00-03:00;5,102066586400387;5,298488590331095;5,102066586400387;5,264114856719971;20266;0,0;0,0
2022-03-28 00:00:00-03:00;5,26411266861283;5,30339705306983;5,116795992745678;5,259202003479004;28576;0,0;0,0
2022-03-29 00:00:00-03:00;5,244470180273351;5,396697044372559;5,244470180273351;5,396697044372559;22850;0,0;0,0
2022-03-30 00:00:00-03:00;5,40160770922912;5,40160770922912;5,180632942058375;5,396697044372559;55404;0,0;0,0
2022-03-31 00:00:00-03:00;5,259204223081244;5,396699626709505;5,2248304892509285;5,391788959503174;17814;0,0;0,0
2022-04-01 00:00:00-03:00;5,381968897760539;5,730618360298485;5,283757880490781;5,465448379516602;50345;0,0;0,0
2022-04-04 00:00:00-03:00;5,470356862725277;6,035070337723441;5,352503220762463;5,401608943939209;84402;0,0;0,0
2022-04-05 00:00:00-03:00;5,494910583027867;5,583300718769477;5,372146713745406;5,416341781616211;54483;0,0;0,0
2022-04-06 00:00:00-03:00;5,647135851447963;5,647135851447963;5,406518871040774;5,573477745056152;33362;0,0;0,0
2022-04-07 00:00:00-03:00;5,6176734709689;5,691332060655286;5,445804364981163;5,6864213943481445;63625;0,0;0,0
2022-04-08 00:00:00-03:00;5,740438370079232;6,6292489972466395;5,6716909024168585;5,789544105529785;86190;0,0;0,0
2022-04-11 00:00:00-03:00;5,794452776536987;5,9073952735345685;5,558745983205542;5,602941036224365;71835;0,0;0,0
2022-04-12 00:00:00-03:00;5,313219996675819;5,377057263505692;5,21009832999787;5,278846263885498;34475;0,0;0,0
2022-04-13 00:00:00-03:00;5,278845756877002;5,771869898669695;5,2738655999052195;5,517887592315674;56044;0,15;0,0
2022-04-14 00:00:00-03:00;5,388407353988463;5,468087980490223;5,104545003342445;5,179245471954346;110406;0,0;0,0
2022-04-18 00:00:00-03:00;5,134425003090732;5,179244995171506;4,980043447254891;5,044784069061279;170477;0,0;0,0
2022-04-19 00:00:00-03:00;5,0547428046029275;5,1294437249510665;5,009922822314663;5,089603424072266;229841;0,0;0,0
2022-04-20 00:00:00-03:00;5,094584147799689;5,11948445967684;5,029844001826621;5,049764156341553;184278;0,0;0,0
2022-04-22 00:00:00-03:00;5,064703871540516;5,124464331758425;5,049763875219518;5,069684028625488;87502;0,0;0,0
2022-04-25 00:00:00-03:00;5,069684042419311;5,109524349339651;5,0298437354989725;5,034823417663574;198824;0,0;0,0
2022-04-26 00:00:00-03:00;5,084622803904245;5,084622803904245;5,004942209415192;5,0198822021484375;164172;0,0;0,0
2022-04-27 00:00:00-03:00;5,049762643048294;5,129443237229649;5,044782487178509;5,124463081359863;103136;0,0;0,0
2022-04-28 00:00:00-03:00;5,1493650367317;5,1493650367317;5,039803947138655;5,109524726867676;66101;0,0;0,0
2022-04-29 00:00:00-03:00;5,119485521103654;5,224066472723378;5,114505837642939;5,2091264724731445;66625;0,0;0,0
2022-05-02 00:00:00-03:00;5,229046486710985;5,363507910051888;5,1493658543315;5,219086170196533;41822;0,0;0,0
2022-05-03 00:00:00-03:00;5,214105980875352;5,229045979263159;5,059724414421391;5,154345512390137;91636;0,0;0,0
2022-05-04 00:00:00-03:00;5,159326981322211;5,214107785931885;5,0298461589133225;5,064706325531006;232171;0,0;0,0
2022-05-05 00:00:00-03:00;5,079644029831511;5,17924480003724;5,054743718546595;5,159324645996094;79304;0,0;0,0
2022-05-06 00:00:00-03:00;5,16928425058705;5,263904850554784;5,099563483550809;5,243984699249268;63170;0,0;0,0
2022-05-09 00:00:00-03:00;5,2290459810294605;5,398367545928424;5,20414566708538;5,388407230377197;57611;0,0;0,0
2022-05-10 00:00:00-03:00;5,338607573309018;5,4083278889077535;5,184225992462903;5,3535475730896;85733;0,0;0,0
2022-05-11 00:00:00-03:00;5,298767187104866;5,388407659535364;5,2091262397403435;5,358527660369873;81386;0,0;0,0
2022-05-12 00:00:00-03:00;5,358526418769522;5,368627548343703;5,217113976269554;5,318122863769531;54281;0,15;0,0
2022-05-13 00:00:00-03:00;5,3938805564485355;5,43933468184645;5,267619311075852;5,429233551025391;84223;0,0;0,0
2022-05-16 00:00:00-03:00;5,3332754124326485;5,459536662444659;5,267619504628589;5,363577842712402;70230;0,0;0,0
2022-05-17 00:00:00-03:00;5,409030622791047;5,439333527173034;5,353475860013785;5,368627071380615;44220;0,0;0,0
2022-05-18 00:00:00-03:00;5,368628211044313;5,545393665577014;5,338325300229561;5,429233551025391;107791;0,0;0,0
2022-05-19 00:00:00-03:00;5,4898374514862445;5,530241000879194;5,42923212739682;5,479736804962158;94676;0,0;0,0
2022-05-20 00:00:00-03:00;5,499940400272914;5,64135286995921;5,449435705989292;5,4746880531311035;81351;0,0;0,0
2022-05-23 00:00:00-03:00;5,504989807847785;5,666604520704688;5,4595361665566955;5,64135217666626;50503;0,0;0,0
2022-05-24 00:00:00-03:00;5,641352082539669;5,802966311051619;5,580746746847687;5,636301517486572;63641;0,0;0,0
2022-05-25 00:00:00-03:00;5,681756016524391;5,75246248701235;5,636301891328448;5,707008361816406;42509;0,0;0,0
2022-05-26 00:00:00-03:00;5,737309841414255;5,808016300201416;5,555493852366572;5,808016300201416;57445;0,0;0,0
2022-05-27 00:00:00-03:00;5,792865088192862;5,808016300201416;5,631250394057687;5,808016300201416;42245;0,0;0,0
2022-05-30 00:00:00-03:00;5,808017072384478;5,924177182640931;5,636301707963279;5,67165470123291;88767;0,0;0,0
2022-05-31 00:00:00-03:00;5,722159485408304;5,72721005071614;5,565595814052737;5,626201152801514;104863;0,0;0,0
2022-06-01 00:00:00-03:00;5,636301135437079;5,797915352994215;5,616099358242437;5,666604042053223;105571;0,0;0,0
2022-06-02 00:00:00-03:00;5,666605504956201;5,782765633401449;5,515091896057129;5,515091896057129;26212;0,0;0,0
2022-06-03 00:00:00-03:00;5,595895744739465;5,792863368988036;5,479735684400603;5,792863368988037;44070;0,0;0,0
2022-06-06 00:00:00-03:00;5,722160453185684;5,752463368509352;5,621151538187625;5,651453971862793;35860;0,0;0,0
2022-06-07 00:00:00-03:00;5,656502898851189;5,676704675996615;5,3736780188152276;5,388829231262207;98355;0,0;0,0
2022-06-08 00:00:00-03:00;5,429233554220352;5,555494799667337;5,363577648790109;5,4039812088012695;60836;0,0;0,0
2022-06-09 00:00:00-03:00;5,388829793635536;5,611049365425851;5,388829793635536;5,595898151397705;30419;0,0;0,0
2022-06-10 00:00:00-03:00;5,611049456878006;5,656503581351693;5,5504441181292306;5,626201152801514;36600;0,0;0,0
2022-06-13 00:00:00-03:00;5,6108425656966805;5,6108425656966805;5,431664004426124;5,544290542602539;19984;0,15;0,0
2022-06-14 00:00:00-03:00;5,544288940144735;5,544288940144735;5,298558915025333;5,349752426147461;95496;0,0;0,0
2022-06-15 00:00:00-03:00;5,185932670356816;5,196171177807577;5,165455167233106;5,17057466506958;637813;0,0;0,0
2022-06-17 00:00:00-03:00;5,185934203755272;5,196172714233399;5,139859686047876;5,196172714233398;277030;0,0;0,0
2022-06-20 00:00:00-03:00;5,1910518639619765;5,196170873276255;5,160335366965517;5,165454864501953;202673;0,0;0,0
2022-06-21 00:00:00-03:00;5,160336109952655;5,247365627713982;5,155216611679112;5,1859331130981445;382067;0,0;0,0
2022-06-22 00:00:00-03:00;5,191053477828993;5,206411486990856;5,155217472154901;5,160336971282959;158594;0,0;0,0
2022-06-23 00:00:00-03:00;5,17057614545921;5,191053654445842;4,986278076357189;5,15521764755249;329083;0,0;0,0
2022-06-24 00:00:00-03:00;5,155216156487786;5,185932655194636;5,078425642053935;5,114261150360107;285088;0,0;0,0
2022-06-27 00:00:00-03:00;5,114261150360107;5,119380648181613;5,098903145117774;5,114261150360107;247562;0,0;0,0
2022-06-28 00:00:00-03:00;5,114261150360107;5,119380648181613;5,073306144232429;5,114261150360107;278803;0,0;0,0
2022-06-29 00:00:00-03:00;5,109142303466797;5,119381300414304;5,0989037947415365;5,109142303466797;174627;0,0;0,0
2022-06-30 00:00:00-03:00;5,1347386534239465;5,1347386534239465;5,093783647296268;5,114261150360107;256602;0,0;0,0
2022-07-01 00:00:00-03:00;5,119381942536006;5,119381942536006;5,098904434294755;5,1040239334106445;263631;0,0;0,0
2022-07-04 00:00:00-03:00;5,1142608028737175;5,124499797821045;5,104022296148542;5,124499797821045;142486;0,0;0,0
2022-07-05 00:00:00-03:00;5,1347394353459554;5,170575437331445;5,114261929163786;5,119381427764893;366916;0,0;0,0
2022-07-06 00:00:00-03:00;5,12449986065478;5,17057436203839;5,114260865581907;5,165454864501953;279593;0,0;0,0
2022-07-07 00:00:00-03:00;5,139859024563031;5,170575528488947;5,124501016711206;5,1449785232543945;334753;0,0;0,0
2022-07-08 00:00:00-03:00;5,155217032414855;5,155217032414855;5,12962051540257;5,1449785232543945;460903;0,0;0,0
2022-07-11 00:00:00-03:00;5,150096938123927;5,17057444035769;5,119380440662202;5,134738445281982;462881;0,0;0,0
2022-07-12 00:00:00-03:00;5,139859637868097;5,15521764755249;5,129621127485944;5,15521764755249;253038;0,0;0,0
2022-07-13 00:00:00-03:00;5,197001369119722;5,238618958965103;5,186597219718779;5,212608337402344;285803;0,16032;0,0
2022-07-14 00:00:00-03:00;5,2282138154545486;5,254224928192275;5,212607346260198;5,223011493682861;220084;0,0;0,0
2022-07-15 00:00:00-03:00;5,228213310241699;5,238617456658989;5,207404521286456;5,228213310241699;305637;0,0;0,0
2022-07-18 00:00:00-03:00;5,238618753348891;5,269832192568199;5,228214604356312;5,259427547454834;173266;0,0;0,0
2022-07-19 00:00:00-03:00;5,264629743989822;5,301045008773339;5,254225595246291;5,285438537597656;290733;0,0;0,0
2022-07-20 00:00:00-03:00;5,2802362151655045;5,3062473312054905;5,275034388854126;5,285438537597656;155287;0,0;0,0
2022-07-21 00:00:00-03:00;5,285437527838788;5,306246317471198;5,280235206400516;5,295842170715332;125794;0,0;0,0
2022-07-22 00:00:00-03:00;5,301045894622804;5,316652864527316;5,285439420839148;5,301045894622803;137520;0,0;0,0
2022-07-25 00:00:00-03:00;5,311451331654098;5,347866607942084;5,290642531472258;5,3322601318359375;169753;0,0;0,0
2022-07-26 00:00:00-03:00;5,3322601318359375;5,347866607942084;5,275036055366111;5,3322601318359375;270530;0,0;0,0
2022-07-27 00:00:00-03:00;5,33225978743347;5,342664434912835;5,290642189757808;5,306248664855957;259434;0,0;0,0
2022-07-28 00:00:00-03:00;5,321853773173714;5,327056095577315;5,290640830993653;5,290640830993652;231539;0,0;0,0
2022-07-29 00:00:00-03:00;5,306247554932271;5,337460994720459;5,301045232280774;5,337460994720459;140160;0,0;0,0
2022-08-01 00:00:00-03:00;5,337460994720459;5,342663317371955;5,316652200235265;5,337460994720459;129130;0,0;0,0
2022-08-02 00:00:00-03:00;5,342663317371955;5,353067466554155;5,3270563494174645;5,337460994720459;123643;0,0;0,0
2022-08-03 00:00:00-03:00;5,3374604509902746;5,37387571359952;5,3374604509902746;5,353066921234131;161279;0,0;0,0
2022-08-04 00:00:00-03:00;5,358268644500056;5,389481581499321;5,358268644500056;5,379077434539795;175500;0,0;0,0
2022-08-05 00:00:00-03:00;5,373876878089848;5,410292148590088;5,373876878089848;5,410292148590088;129823;0,0;0,0
2022-08-08 00:00:00-03:00;5,405090391872493;5,410292219068253;5,394685745239258;5,394685745239258;147773;0,0;0,0
2022-08-09 00:00:00-03:00;5,405089953906776;5,405089953906776;5,363472362987754;5,384281158447266;138234;0,0;0,0
2022-08-10 00:00:00-03:00;5,384281158447265;5,399887631011694;5,379078835552183;5,384281158447266;123962;0,0;0,0
2022-08-11 00:00:00-03:00;5,421304082873736;5,431882479296521;5,357835217554143;5,405436992645264;157213;0,17;0,0
2022-08-12 00:00:00-03:00;5,405438189567152;5,437172377050973;5,368414298294941;5,394859790802002;295984;0,0;0,0
2022-08-15 00:00:00-03:00;5,315522384946176;5,378991247212301;5,315522384946176;5,373702049255371;300884;0,0;0,0
2022-08-16 00:00:00-03:00;5,373702405543702;5,400147892676069;5,347256918411336;5,378991603851318;305594;0,0;0,0
2022-08-17 00:00:00-03:00;5,384281896442667;5,410726884543912;5,378992697060092;5,394859790802002;159906;0,0;0,0
2022-08-18 00:00:00-03:00;5,400148990184578;5,400148990184578;5,378992697060092;5,394859790802002;214963;0,0;0,0
2022-08-19 00:00:00-03:00;5,3842815415778595;5,394859435240032;5,368413944475928;5,389570236206055;394653;0,0;0,0
2022-08-22 00:00:00-03:00;5,3842815415778595;5,389570236206055;5,373703143509905;5,389570236206055;226745;0,0;0,0
2022-08-23 00:00:00-03:00;5,389568898088072;5,389568898088072;5,3789910070521705;5,384280204772949;218742;0,0;0,0
2022-08-24 00:00:00-03:00;5,3842815415778595;5,389570236206055;5,363125249847734;5,389570236206055;295763;0,0;0,0
2022-08-25 00:00:00-03:00;5,378991603851318;5,389569496060837;5,373702405543702;5,378991603851318;197854;0,0;0,0
2022-08-26 00:00:00-03:00;5,378991247212301;5,384280445169232;5,368412851298441;5,373702049255371;203849;0,0;0,0
2022-08-29 00:00:00-03:00;5,378992697060092;5,394859790802002;5,368414298294941;5,394859790802002;312231;0,0;0,0
2022-08-30 00:00:00-03:00;5,389570591419426;5,394859790802002;5,378992697060092;5,394859790802002;193333;0,0;0,0
2022-08-31 00:00:00-03:00;5,394858287750326;5,50063972390118;5,389569089841364;5,442460060119629;351369;0,0;0,0
2022-09-01 00:00:00-03:00;5,437171573508818;5,48477335210545;5,405437390714891;5,453039169311523;311160;0,0;0,0
2022-09-02 00:00:00-03:00;5,45303838388654;5,4900617599487305;5,431882096935907;5,4900617599487305;243417;0,0;0,0
2022-09-05 00:00:00-03:00;5,4900640218750665;5,500641917505679;5,474196926226208;5,4953532218933105;196051;0,0;0,0
2022-09-06 00:00:00-03:00;5,495350957787806;5,500639651221213;5,474194670837172;5,4900617599487305;243657;0,0;0,0
2022-09-08 00:00:00-03:00;5,490061497671558;5,490061497671558;5,437170530618906;5,458326816558838;283145;0,0;0,0
2022-09-09 00:00:00-03:00;5,458326816558838;5,47419440931802;5,426592639851762;5,458326816558838;248966;0,0;0,0
2022-09-12 00:00:00-03:00;5,468905545258761;5,468905545258761;5,378991198429116;5,442460060119629;374753;0,0;0,0
2022-09-13 00:00:00-03:00;5,405436732591273;5,410725426142524;5,357834959790259;5,373702049255371;434700;0,0;0,0
2022-09-14 00:00:00-03:00;5,405977731336049;5,422114834352007;5,373703012314876;5,400598526000977;989054;0,17;0,0
2022-09-15 00:00:00-03:00;5,405978214488107;5,405978214488107;5,379082698398255;5,395219802856445;436579;0,0;0,0
2022-09-16 00:00:00-03:00;5,400598027582582;5,400598027582582;5,368323311540027;5,384460926055908;579060;0,0;0,0
2022-09-19 00:00:00-03:00;5,379080764599307;5,405976271020126;5,373701560717319;5,389839172363281;374520;0,0;0,0
2022-09-20 00:00:00-03:00;5,4005985260009775;5,405977731336049;5,379082217649947;5,400598526000977;385748;0,0;0,0
2022-09-21 00:00:00-03:00;5,405976271020126;5,416734165794984;5,379080764599307;5,389839172363281;437784;0,0;0,0
2022-09-22 00:00:00-03:00;5,4113554749021135;5,4113554749021135;5,384459968481294;5,389839172363281;436457;0,0;0,0
2022-09-23 00:00:00-03:00;5,400597067138139;5,438250468333817;5,384459968481294;5,389839172363281;471237;0,0;0,0
2022-09-26 00:00:00-03:00;5,389840130894536;5,405977232421209;5,379081721217282;5,384460926055908;629193;0,0;0,0
2022-09-27 00:00:00-03:00;5,395217863256152;5,395217863256152;5,379080764599307;5,389839172363281;534028;0,0;0,0
2022-09-28 00:00:00-03:00;5,389839192832335;5,438250488986723;5,389839192832335;5,411355495452881;213088;0,0;0,0
2022-09-29 00:00:00-03:00;5,422112945221145;5,432871352142926;5,40597584782755;5,416733741760254;285617;0,0;0,0
2022-09-30 00:00:00-03:00;5,427493099819825;5,432872304223392;5,411355999598294;5,42211389541626;193864;0,0;0,0
2022-10-03 00:00:00-03:00;5,42211389541626;5,454388608848489;5,411355999598294;5,42211389541626;349087;0,0;0,0
2022-10-04 00:00:00-03:00;5,432872327087135;5,465146527666021;5,42749312266093;5,43825101852417;286461;0,0;0,0
2022-10-05 00:00:00-03:00;5,443631166802979;5,454389577520751;5,427494063715579;5,449010372161865;431660;0,0;0,0
2022-10-06 00:00:00-03:00;5,454389159081848;5,502800464630127;5,443630749189418;5,502800464630127;187211;0,0;0,0
2022-10-07 00:00:00-03:00;5,5081777479993566;5,535073250358477;5,497419854849133;5,524315357208252;208061;0,0;0,0
2022-10-10 00:00:00-03:00;5,524317752234156;5,535075650048384;5,513559341430664;5,513559341430664;258610;0,0;0,0
2022-10-11 00:00:00-03:00;5,518937102837258;5,524316306831568;5,459766884878096;5,481283187866211;350380;0,0;0,0
2022-10-13 00:00:00-03:00;5,502800921548726;5,502800921548726;5,470526715170023;5,486663818359375;295089;0,0;0,0
2022-10-14 00:00:00-03:00;5,475733154550669;5,497592346895284;5,464803297796235;5,492127418518066;546039;0,16;0,0
2022-10-17 00:00:00-03:00;5,497593430509417;5,530381964907061;5,464804374947415;5,475734233856201;742781;0,0;0,0
2022-10-18 00:00:00-03:00;5,492129035179906;5,557706631517156;5,486664105194033;5,54677677154541;241029;0,0;0,0
2022-10-19 00:00:00-03:00;5,574098277733723;5,661535031711638;5,552239089239245;5,628746509552002;754237;0,0;0,0
2022-10-20 00:00:00-03:00;5,63421420993976;5,72711541589106;5,63421420993976;5,694326877593994;521987;0,0;0,0
2022-10-21 00:00:00-03:00;5,694324765058801;5,6997896931356875;5,661535717761711;5,683394908905029;249928;0,0;0,0
2022-10-24 00:00:00-03:00;5,688860817502735;5,694325746521545;5,60142403785903;5,661536693572998;278567;0,0;0,0
2022-10-25 00:00:00-03:00;5,661535717761711;5,688859836981916;5,634212119705733;5,683394908905029;261935;0,0;0,0
2022-10-26 00:00:00-03:00;5,683394908905029;5,688859836981916;5,672465573915483;5,683394908905029;212519;0,0;0,0
2022-10-27 00:00:00-03:00;5,683397017385358;5,694326877593994;5,67793260844546;5,694326877593994;218394;0,0;0,0
2022-10-28 00:00:00-03:00;5,694324390455411;5,694324390455411;5,677930128467482;5,688859462738037;170473;0,0;0,0
2022-10-31 00:00:00-03:00;5,672467678341143;5,694326877593994;5,6670027482368255;5,694326877593994;123430;0,0;0,0
2022-11-01 00:00:00-03:00;5,68885886397466;5,71618297852142;5,68339393683248;5,7052531242370605;292301;0,0;0,0
2022-11-03 00:00:00-03:00;5,721650846199371;5,7325801849365225;5,710720986297814;5,732580184936523;215703;0,0;0,0
2022-11-04 00:00:00-03:00;5,7325766342726565;5,8364081543682875;5,721647302304953;5,814548969268799;246988;0,0;0,0
2022-11-07 00:00:00-03:00;5,80362154623835;5,80362154623835;5,748973821189491;5,7708330154418945;251216;0,0;0,0
2022-11-08 00:00:00-03:00;5,776295661926269;5,792690443489992;5,759901401526688;5,7762956619262695;206909;0,0;0,0
2022-11-09 00:00:00-03:00;5,781760589114176;5,809084703889573;5,765366328714595;5,7762956619262695;327947;0,0;0,0
2022-11-10 00:00:00-03:00;5,781761841838267;5,798156105789964;5,617817638828533;5,699790000915527;249529;0,0;0,0
2022-11-11 00:00:00-03:00;5,699791807698311;5,754439545248228;5,656073409192611;5,694326877593994;227231;0,0;0,0
2022-11-14 00:00:00-03:00;5,644471970875558;5,727560691218002;5,583540665233905;5,705403804779053;253521;0,14;0,0
2022-11-16 00:00:00-03:00;5,644472484517237;5,683247435510266;5,59461988168944;5,6389336585998535;169995;0,0;0,0
2022-11-17 00:00:00-03:00;5,5835392751831705;5,5835392751831705;5,522607984710675;5,53368616104126;785422;0,0;0,0
2022-11-18 00:00:00-03:00;5,533688131388225;5,539227485656738;5,5170705968445874;5,539227485656738;482799;0,0;0,0
2022-11-21 00:00:00-03:00;5,550306194193763;5,561384374468889;5,533688131388225;5,539227485656738;328912;0,0;0,0
2022-11-22 00:00:00-03:00;5,539227485656738;5,550306194193763;5,533688131388225;5,539227485656738;379333;0,0;0,0
2022-11-23 00:00:00-03:00;5,544764865633556;5,550304217929704;5,511529280118379;5,53368616104126;387845;0,0;0,0
2022-11-24 00:00:00-03:00;5,53368616104126;5,550304217929704;5,517068632414527;5,53368616104126;236761;0,0;0,0
2022-11-25 00:00:00-03:00;5,533689733244021;5,622317314147949;5,528150377372012;5,622317314147949;365187;0,0;0,0
2022-11-28 00:00:00-03:00;5,611238712361032;5,622316895017144;5,5503073870973845;5,555846214294434;198144;0,0;0,0
2022-11-29 00:00:00-03:00;5,561385510615241;5,566924866015399;5,494914830599362;5,517071723937988;559479;0,0;0,0
2022-11-30 00:00:00-03:00;5,522609538927975;5,566923313244877;5,517070185072898;5,544766426086426;264485;0,0;0,0
2022-12-01 00:00:00-03:00;5,544765484538555;5,594618604245055;5,533686778709658;5,578000545501709;336324;0,0;0,0
2022-12-02 00:00:00-03:00;5,5835398984161575;5,594618604245055;5,5669223679345805;5,578000545501709;236276;0,0;0,0
2022-12-05 00:00:00-03:00;5,578002338854091;5,594620402940219;5,566924157725279;5,572463512420654;256314;0,0;0,0
2022-12-06 00:00:00-03:00;5,561383015020132;5,5835398984161575;5,561383015020132;5,578000545501709;274793;0,0;0,0
2022-12-07 00:00:00-03:00;5,578002338854091;5,583541693549467;5,566924157725279;5,572463512420654;291683;0,0;0,0
2022-12-08 00:00:00-03:00;5,572463512420654;5,578002338854091;5,561384803029903;5,572463512420654;329010;0,0;0,0
2022-12-09 00:00:00-03:00;5,572463512420654;5,578002338854091;5,561384803029903;5,572463512420654;158277;0,0;0,0
2022-12-12 00:00:00-03:00;5,578002338854091;5,589081048244843;5,555845448334527;5,572463512420654;434944;0,0;0,0
2022-12-13 00:00:00-03:00;5,583698039229859;5,6061676285655375;5,566845981157418;5,572463512420654;444680;0,14;0,0
2022-12-14 00:00:00-03:00;5,572464147242003;5,5893162072342495;5,521907431547935;5,555612087249756;472823;0,0;0,0
2022-12-15 00:00:00-03:00;5,521906185744434;5,566845359396533;5,448879894630471;5,4601149559021;444822;0,0;0,0
2022-12-16 00:00:00-03:00;5,465732456855259;5,572463405948383;5,448880399104808;5,538758754730225;379546;0,0;0,0
2022-12-19 00:00:00-03:00;5,538759491540182;5,572464147242003;5,465733183950674;5,555612087249756;387791;0,0;0,0
2022-12-20 00:00:00-03:00;5,5612286582997665;5,566846189773518;5,471350297588889;5,505054950714111;300863;0,0;0,0
2022-12-21 00:00:00-03:00;5,505054019270245;5,566845247874702;5,482584432894334;5,533141136169434;404018;0,0;0,0
2022-12-22 00:00:00-03:00;5,521904707636265;5,53875675931553;5,482583075145629;5,510670185089111;240132;0,0;0,0
2022-12-23 00:00:00-03:00;5,516289477944327;5,5275245408918305;5,476967829062641;5,505054950714111;223392;0,0;0,0
2022-12-26 00:00:00-03:00;5,510672238653146;5,53314182783786;5,488202649468431;5,516289234161377;230090;0,0;0,0
2022-12-27 00:00:00-03:00;5,516289234161377;5,538758823346091;5,488202649468431;5,516289234161377;291666;0,0;0,0
2022-12-28 00:00:00-03:00;5,516289252785977;5,555611435779937;5,510672257258781;5,544376373291016;233888;0,0;0,0
2022-12-29 00:00:00-03:00;5,538756549826734;5,583695709749775;5,527522027704495;5,549991607666016;246179;0,0;0,0
2023-01-02 00:00:00-03:00;5,555611066377751;5,583697649297999;5,555611066377751;5,578080654144287;260228;0,0;0,0
2023-01-03 00:00:00-03:00;5,578080654144287;5,583697649297999;5,555611066377751;5,578080654144287;408622;0,0;0,0
2023-01-04 00:00:00-03:00;5,583696995106738;5,589314525319525;5,56122740997276;5,566844940185547;260307;0,0;0,0
2023-01-05 00:00:00-03:00;5,5668434511192935;5,58931303024292;5,561225922409132;5,58931303024292;168141;0,0;0,0
2023-01-06 00:00:00-03:00;5,589313833091203;5,606165885925293;5,572461780257113;5,606165885925293;283379;0,0;0,0
2023-01-09 00:00:00-03:00;5,606167169799452;5,606167169799452;5,583697582302515;5,600550174713135;232582;0,0;0,0
2023-01-10 00:00:00-03:00;5,600548980990796;5,617401034092282;5,594931451384597;5,611783504486084;321802;0,0;0,0
2023-01-11 00:00:00-03:00;5,611783145574911;5,645487785339355;5,611783145574911;5,6454877853393555;326315;0,0;0,0
2023-01-12 00:00:00-03:00;5,6454861664410405;5,673998832702637;5,639784068255822;5,673998832702637;232340;0,15;0,0
2023-01-13 00:00:00-03:00;5,673999412293745;5,7196194654387735;5,673999412293745;5,691106796264648;268066;0,0;0,0
2023-01-16 00:00:00-03:00;5,68540859222412;5,702515987914259;5,662598550025836;5,685408592224121;346822;0,0;0,0
2023-01-17 00:00:00-03:00;5,67970305485037;5,696810441833159;5,662595667867581;5,66829776763916;321680;0,0;0,0
2023-01-18 00:00:00-03:00;5,67400159756032;5,67970424235823;5,651191562202823;5,656894207000732;572653;0,0;0,0
2023-01-19 00:00:00-03:00;5,674000459777237;5,67970310343162;5,6454877853393555;5,6454877853393555;429698;0,0;0,0
2023-01-20 00:00:00-03:00;5,651191889157161;5,668299280706511;5,639787142735652;5,662597179412842;382380;0,0;0,0
2023-01-23 00:00:00-03:00;5,662596245352849;5,674000989893116;5,594166146609;5,622678279876709;584082;0,0;0,0
2023-01-24 00:00:00-03:00;5,628382682800293;5,6568953688116235;5,611275288727195;5,628382682800293;434640;0,0;0,0
2023-01-25 00:00:00-03:00;5,622680036831176;5,6568953688116235;5,616977934696312;5,628382682800293;411794;0,0;0,0
2023-01-26 00:00:00-03:00;5,64549007687339;5,651192722842507;5,616977934696312;5,628382682800293;423811;0,0;0,0
2023-01-27 00:00:00-03:00;5,63408532876941;5,6397879747385256;5,594167894654098;5,628382682800293;480127;0,0;0,0
2023-01-30 00:00:00-03:00;5,628380398210239;5,656893072648121;5,622677754555856;5,6454877853393555;490541;0,0;0,0
2023-01-31 00:00:00-03:00;5,645488492767615;5,651191137136589;5,622678459125823;5,6340837478637695;447462;0,0;0,0
2023-02-01 00:00:00-03:00;5,639786243438721;5,656893632260198;5,6340835992202;5,639786243438721;724566;0,0;0,0
2023-02-02 00:00:00-03:00;5,645488917404913;5,656894207000732;5,639786816441144;5,656894207000732;495907;0,0;0,0
2023-02-03 00:00:00-03:00;5,65689145047923;5,696808856945139;5,6454861664410405;5,673998832702637;306051;0,0;0,0
2023-02-06 00:00:00-03:00;5,674003299207826;5,696813341406111;5,656895903517689;5,685408592224121;463293;0,0;0,0
2023-02-07 00:00:00-03:00;5,691107798227554;5,691107798227554;5,651190380656371;5,66829776763916;556495;0,0;0,0
2023-02-08 00:00:00-03:00;5,668299851570526;5,685407788677017;5,662597749702589;5,6797051429748535;541401;0,0;0,0
2023-02-09 00:00:00-03:00;5,679703665300195;5,691108409903151;5,6283809550016795;5,639786243438721;739904;0,0;0,0
2023-02-10 00:00:00-03:00;5,639785685519004;5,6454877853393555;5,6340830418646215;5,6454877853393555;682184;0,0;0,0
2023-02-13 00:00:00-03:00;5,657068661839079;5,674439239249852;5,645487908764765;5,662858486175537;817986;0,15;0,0
2023-02-14 00:00:00-03:00;5,668648910676574;5,703390617992778;5,6628585340904225;5,680229663848877;451735;0,0;0,0
2023-02-15 00:00:00-03:00;5,68602070692011;5,697601462574518;5,674440503466525;5,6918110847473145;476874;0,0;0,0
2023-02-16 00:00:00-03:00;5,691813356310194;5,697603736448298;5,662862007820716;5,674442768096924;396739;0,0;0,0
2023-02-17 00:00:00-03:00;5,69181110950782;5,697601487360213;5,657069946795111;5,668650150299072;574239;0,0;0,0
2023-02-22 00:00:00-03:00;5,668648910676574;5,691809864820475;5,6628585340904225;5,680229663848877;373336;0,0;0,0
2023-02-23 00:00:00-03:00;5,697601462574518;5,697601462574518;5,674440503466525;5,6918110847473145;588604;0,0;0,0
2023-02-24 00:00:00-03:00;5,691811084747314;5,691811084747314;5,674440503466525;5,6918110847473145;367335;0,0;0,0
2023-02-27 00:00:00-03:00;5,6918112291093195;5,6918112291093195;5,6802310253620245;5,686020851135254;485272;0,0;0,0
2023-02-28 00:00:00-03:00;5,66864893041255;5,6744393070188615;5,645487976188012;5,657068729400635;1159675;0,0;0,0
2023-03-01 00:00:00-03:00;5,657069880892051;5,680230839830981;5,529684330627526;5,541264533996582;1550332;0,0;0,0
2023-03-02 00:00:00-03:00;5,547054413078776;5,6628591973621045;5,547054413078776;5,62811803817749;1337310;0,0;0,0
2023-03-03 00:00:00-03:00;5,61074620174252;5,674439239249852;5,593375624331747;5,662858486175537;656729;0,0;0,0
2023-03-06 00:00:00-03:00;5,662859822324688;5,6744405781314775;5,59916732198984;5,622328281402588;719293;0,0;0,0
2023-03-07 00:00:00-03:00;5,622327021963474;5,662858553806239;5,604956444345247;5,657068729400635;708647;0,0;0,0
2023-03-08 00:00:00-03:00;5,662859772446679;5,674440528151465;5,6512795689427175;5,668650150299072;614627;0,0;0,0
2023-03-09 00:00:00-03:00;5,6686502694138925;5,6918112291093195;5,6686502694138925;5,686020851135254;480737;0,0;0,0
2023-03-10 00:00:00-03:00;5,686020851135254;5,686020851135254;5,651279687692532;5,686020851135254;530754;0,0;0,0
2023-03-13 00:00:00-03:00;5,686020339560007;5,697768023800511;5,680146217346191;5,680146217346191;375774;0,14;0,0
2023-03-14 00:00:00-03:00;5,680147830417588;5,721265577216827;5,668399582653642;5,697769641876221;454127;0,0;0,0
2023-03-15 00:00:00-03:00;5,7153896102319734;5,721263732219655;5,691893682468351;5,7095160484313965;447385;0,0;0,0
2023-03-16 00:00:00-03:00;5,709518170255089;5,744761794904531;5,709518170255089;5,733014106750488;339077;0,0;0,0
2023-03-17 00:00:00-03:00;5,733014106750488;5,744761794904531;5,727139982579811;5,733014106750488;328325;0,0;0,0
2023-03-20 00:00:00-03:00;5,738886950632633;5,750634636165884;5,727138704912194;5,744760513305664;434437;0,0;0,0
2023-03-21 00:00:00-03:00;5,744759918418565;5,750634040670502;5,727138111849886;5,73888635635376;356130;0,0;0,0
2023-03-22 00:00:00-03:00;5,750632358907466;5,768254160322679;5,721262316424133;5,762380599975586;281094;0,0;0,0
2023-03-23 00:00:00-03:00;5,756508537955835;5,768256223037933;5,721264362335205;5,721264362335205;422902;0,0;0,0
2023-03-24 00:00:00-03:00;5,721264582051973;5,762382881886324;5,721264582051973;5,744760513305664;276594;0,0;0,0
2023-03-27 00:00:00-03:00;5,7682579463126835;5,785880319481289;5,7388884447396755;5,756510257720947;291305;0,0;0,0
2023-03-28 00:00:00-03:00;5,750635805972303;5,7682576179504395;5,750635805972303;5,7682576179504395;343354;0,0;0,0
2023-03-29 00:00:00-03:00;5,774131742005586;5,7800058660607325;5,762384054082596;5,7682576179504395;305718;0,0;0,0
2023-03-30 00:00:00-03:00;5,76825773139993;5,774131855570609;5,727139982579811;5,733014106750488;389274;0,0;0,0
2023-03-31 00:00:00-03:00;5,750635805972303;5,7682576179504395;5,733013993994166;5,7682576179504395;294820;0,0;0,0
2023-04-03 00:00:00-03:00;5,768256957053849;5,78000520381809;5,733013337135604;5,750635147094727;405380;0,0;0,0
2023-04-04 00:00:00-03:00;5,762380599975586;5,7800024013907985;5,744758238373406;5,762380599975586;303272;0,0;0,0
2023-04-05 00:00:00-03:00;5,762382183444364;5,78587811185018;5,762382183444364;5,774129867553711;248873;0,0;0,0
2023-04-06 00:00:00-03:00;5,7800058660607325;5,7858799901158795;5,762384054082596;5,7682576179504395;298579;0,0;0,0
2023-04-10 00:00:00-03:00;5,7741310390257485;5,809375218878472;5,7741310390257485;5,797626972198486;412665;0,0;0,0
2023-04-11 00:00:00-03:00;5,8034995096376605;5,809373631372454;5,7682553394159815;5,785877704620361;220929;0,0;0,0
2023-04-12 00:00:00-03:00;5,797626563413508;5,809374809265136;5,774130631897445;5,809374809265137;246024;0,0;0,0
2023-04-13 00:00:00-03:00;5,809375218878472;5,809375218878472;5,7741310390257485;5,797626972198486;295278;0,0;0,0
2023-04-14 00:00:00-03:00;5,800605677578857;5,836375337502782;5,794644541374416;5,81252908706665;394690;0,145;0,0
2023-04-17 00:00:00-03:00;5,818491951138267;5,8363765003939765;5,7529143229680475;5,776760578155518;530661;0,0;0,0
2023-04-18 00:00:00-03:00;5,764836131839509;5,7886823803962;5,60387352767728;5,693297386169434;741230;0,0;0,0
2023-04-19 00:00:00-03:00;5,7052243398930536;5,7409940227892955;5,663493516963957;5,687339782714844;430883;0,0;0,0
2023-04-20 00:00:00-03:00;5,6873378474273935;5,740992069244385;5,6873378474273935;5,740992069244385;381985;0,0;0,0
2023-04-24 00:00:00-03:00;5,735029810410224;5,740991516380132;5,687337299730105;5,699260711669922;482143;0,0;0,0
2023-04-25 00:00:00-03:00;5,699261808932518;5,723108068863629;5,562145387923864;5,621761322021484;785169;0,0;0,0
2023-04-26 00:00:00-03:00;5,633683022536104;5,6456064343477825;5,574067669096416;5,615798473358154;431031;0,0;0,0
2023-04-27 00:00:00-03:00;5,615799638765517;5,627722484511892;5,568107118700646;5,5800299644470215;500265;0,0;0,0
2023-04-28 00:00:00-03:00;5,574067669096416;5,639644728441943;5,574067669096416;5,615798473358154;352891;0,0;0,0
2023-05-02 00:00:00-03:00;5,627720617429668;5,71714448928833;5,627720617429668;5,71714448928833;325996;0,0;0,0
2023-05-03 00:00:00-03:00;5,717143634726125;5,740989883282817;5,681373977621381;5,693297386169434;309894;0,0;0,0
2023-05-04 00:00:00-03:00;5,693298237167253;5,71714448928833;5,681374826836966;5,71714448928833;345350;0,0;0,0
2023-05-05 00:00:00-03:00;5,693299285834879;5,723107248611527;5,657529616794982;5,705222129821777;675742;0,0;0,0
2023-05-08 00:00:00-03:00;5,7052215749522714;5,717144986319143;5,645606223736554;5,6634907722473145;637290;0,0;0,0
2023-05-09 00:00:00-03:00;5,681377046042612;5,69330046103031;5,651569077113084;5,657530784606934;443814;0,0;0,0
2023-05-10 00:00:00-03:00;5,669451137612741;5,705220226178073;5,663489433338715;5,693297386169434;395512;0,0;0,0
2023-05-11 00:00:00-03:00;5,693298732124946;5,7052215749522714;5,657529066563879;5,6634907722473145;491002;0,0;0,0
2023-05-12 00:00:00-03:00;5,675578644672449;5,6937113217301505;5,621180037071937;5,645357131958008;538357;0,13;0,0
2023-05-15 00:00:00-03:00;5,669534196736801;5,675578614533073;5,645357101979118;5,651401519775391;591273;0,0;0,0
2023-05-16 00:00:00-03:00;5,651402960349782;5,687668323516846;5,645358541012753;5,687668323516846;402228;0,0;0,0
2023-05-17 00:00:00-03:00;5,699757135758774;5,717889817258217;5,687668297140776;5,711845397949219;275857;0,0;0,0
2023-05-18 00:00:00-03:00;5,711845397949219;5,742066918066659;5,711845397949219;5,711845397949219;411739;0,0;0,0
2023-05-19 00:00:00-03:00;5,729978021702807;5,742066860198974;5,717889759634185;5,742066860198975;408727;0,0;0,0
2023-05-22 00:00:00-03:00;5,742066376536188;5,754155214014095;5,711844859268919;5,723933696746826;611591;0,0;0,0
2023-05-23 00:00:00-03:00;5,736022051053287;5,742066469890511;5,681623434373292;5,705800533294678;574151;0,0;0,0
2023-05-24 00:00:00-03:00;5,717889370969124;5,723933789806348;5,687667853210515;5,705800533294678;320725;0,0;0,0
2023-05-25 00:00:00-03:00;5,70579955065962;5,711843968455892;5,645357101979118;5,651401519775391;634692;0,0;0,0
2023-05-26 00:00:00-03:00;5,657446803259256;5,687668323516846;5,651402960349782;5,687668323516846;305586;0,0;0,0
2023-05-29 00:00:00-03:00;5,675580034950332;5,717889817258217;5,669535615641333;5,711845397949219;358482;0,0;0,0
2023-05-30 00:00:00-03:00;5,711844859268919;5,742066376536188;5,711844859268919;5,723933696746826;314971;0,0;0,0
2023-05-31 00:00:00-03:00;5,742066918066659;5,748111337375657;5,699757135758774;5,711845397949219;314656;0,0;0,0
2023-06-01 00:00:00-03:00;5,723934178882269;5,742066860198974;5,711845340386102;5,742066860198975;338542;0,0;0,0
2023-06-02 00:00:00-03:00;5,742066860198974;5,760199541515679;5,723934178882269;5,742066860198975;402716;0,0;0,0
2023-06-05 00:00:00-03:00;5,754155698695142;5,760199541515679;5,723934178882269;5,742066860198975;475136;0,0;0,0
2023-06-06 00:00:00-03:00;5,736023902893066;5,74811274447032;5,723935637743505;5,736023902893066;466530;0,0;0,0
2023-06-07 00:00:00-03:00;5,742066860198974;5,748111279447058;5,723934178882269;5,742066860198975;470588;0,0;0,0
2023-06-09 00:00:00-03:00;5,748110784895938;5,796464981865258;5,73602194743986;5,78437614440918;539622;0,0;0,0
2023-06-12 00:00:00-03:00;5,790420972148559;5,814598072340989;5,760199452801138;5,778332710266113;470229;0,0;0,0
2023-06-13 00:00:00-03:00;5,790421061328551;5,796465480576635;5,729978021702807;5,742066860198975;405230;0,0;0,0
2023-06-14 00:00:00-03:00;5,763525485992432;5,775788587346733;5,696080182754339;5,763525485992432;530957;0,135;0,0
2023-06-15 00:00:00-03:00;5,763526060558518;5,794183232263632;5,720606371013509;5,769657611846924;478441;0,0;0,0
2023-06-16 00:00:00-03:00;5,7757896603672725;5,812577801790931;5,751264037839179;5,794183731079102;440573;0,0;0,0
2023-06-19 00:00:00-03:00;5,79418430451051;5,8187099294658235;5,788052752087425;5,800315856933594;497149;0,0;0,0
2023-06-20 00:00:00-03:00;5,824842834669851;5,843236911473983;5,812579726975657;5,818711280822754;457970;0,0;0,0
2023-06-21 00:00:00-03:00;5,830972379660848;5,843234898393264;5,812577724456787;5,812577724456787;519923;0,0;0,0
2023-06-22 00:00:00-03:00;5,830974388516948;5,837105942364045;5,788054096324428;5,818711280822754;502369;0,0;0,0
2023-06-23 00:00:00-03:00;5,8187094705519575;5,824841022491455;5,794183847530946;5,824841022491455;411127;0,0;0,0
2023-06-26 00:00:00-03:00;5,824842834669851;5,837105942364045;5,794185650171525;5,818711280822754;463323;0,0;0,0
2023-06-27 00:00:00-03:00;5,824840622093723;5,837103725129755;5,794183449240579;5,806446552276611;479765;0,0;0,0
2023-06-28 00:00:00-03:00;5,81257751905769;5,830972173611739;5,806446552276611;5,806446552276611;444696;0,0;0,0
2023-06-29 00:00:00-03:00;5,8248407608365484;5,861629486083984;5,806446690581305;5,861629486083984;455154;0,0;0,0
2023-06-30 00:00:00-03:00;5,867759399782462;5,867759399782462;5,837102816438718;5,855496883392334;452349;0,0;0,0
2023-07-03 00:00:00-03:00;5,861630184994583;5,929075507130273;5,861630184994583;5,892286777496338;434790;0,0;0,0
2023-07-04 00:00:00-03:00;5,916811466217041;5,929074569067164;5,898417396678785;5,916811466217041;351852;0,0;0,0
2023-07-05 00:00:00-03:00;5,8738937244981395;5,886156831416795;5,830974019757087;5,849368095397949;742041;0,0;0,0
2023-07-06 00:00:00-03:00;5,824840766440362;5,830972318110326;5,70221265672585;5,7390007972717285;1634916;0,0;0,0
2023-07-07 00:00:00-03:00;5,74513356151845;5,757396667446646;5,677688233124591;5,708345413208008;1250894;0,0;0,0
2023-07-10 00:00:00-03:00;5,714474250048936;5,788051103964179;5,714474250048936;5,763525485992432;587826;0,0;0,0
2023-07-11 00:00:00-03:00;5,7757896603672725;5,800315282895367;5,769658108551008;5,794183731079102;640760;0,0;0,0
2023-07-12 00:00:00-03:00;5,788052391954722;5,830972671508789;5,78192142465013;5,830972671508789;363501;0,0;0,0
2023-07-13 00:00:00-03:00;5,830973159286216;5,849622160950029;5,793674563117517;5,818540096282959;454918;0,13;0,0
2023-07-14 00:00:00-03:00;5,818538657904743;5,837188247799337;5,806106190815941;5,830971717834473;383060;0,0;0,0
2023-07-17 00:00:00-03:00;5,8371891106502005;5,855838110460555;5,787458049261913;5,799890518188477;474413;0,0;0,0
2023-07-18 00:00:00-03:00;5,812323575098565;5,830972574893334;5,806107044219971;5,806107044219971;292366;0,0;0,0
2023-07-19 00:00:00-03:00;5,82475604888262;5,8371891106502005;5,793673987304687;5,799890518188477;608170;0,0;0,0
2023-07-20 00:00:00-03:00;5,82475482034617;5,843403816223145;5,799889294896574;5,8434038162231445;400702;0,0;0,0
2023-07-21 00:00:00-03:00;5,843405336943743;5,899352931975673;5,843405336943743;5,874487400054932;437638;0,0;0,0
2023-07-24 00:00:00-03:00;5,880703931245378;5,899352931975673;5,849621868134189;5,874487400054932;428867;0,0;0,0
2023-07-25 00:00:00-03:00;5,8931364007852265;5,899352931975673;5,843405336943743;5,874487400054932;484278;0,0;0,0
2023-07-26 00:00:00-03:00;5,8744867178321805;5,880703248300682;5,824755659766122;5,837188720703125;398633;0,0;0,0
2023-07-27 00:00:00-03:00;5,824755761913838;5,868270290274502;5,8123232935997855;5,855837821960449;356683;0,0;0,0
2023-07-28 00:00:00-03:00;5,874486820852021;5,874486820852021;5,84340476080541;5,855837821960449;293546;0,0;0,0
2023-07-31 00:00:00-03:00;5,855837452818789;5,874486450534762;5,8309719249171765;5,868269920349121;485411;0,0;0,0
2023-08-01 00:00:00-03:00;5,86827018736368;5,880703248300682;5,824755659766122;5,837188720703125;481695;0,0;0,0
2023-08-02 00:00:00-03:00;5,837189398594341;5,874487400054932;5,8309728674038945;5,874487400054932;416164;0,0;0,0
2023-08-03 00:00:00-03:00;5,874486913928731;5,911785505143828;5,868270383252715;5,886919975280762;380183;0,0;0,0
2023-08-04 00:00:00-03:00;5,880703637619949;5,9428677607384515;5,880703637619949;5,936651229858398;389330;0,0;0,0
2023-08-07 00:00:00-03:00;5,9428677607384515;5,955300229657543;5,930434698978345;5,936651229858398;366840;0,0;0,0
2023-08-08 00:00:00-03:00;5,955298052629431;5,998812567200539;5,94286558825517;5,98016357421875;394197;0,0;0,0
2023-08-09 00:00:00-03:00;5,98016357421875;5,998812567200539;5,96773110984449;5,98016357421875;338700;0,0;0,0
2023-08-10 00:00:00-03:00;5,99259768129927;6,023679144100597;5,986381151602644;6,017463207244873;314588;0,0;0,0
2023-08-11 00:00:00-03:00;6,011162202048755;6,04266736534461;5,985958191594272;6,030065059661865;376777;0,13;0,0
2023-08-14 00:00:00-03:00;6,030066116999974;6,030066116999974;6,0048621021261095;6,023765563964844;403304;0,0;0,0
2023-08-15 00:00:00-03:00;6,023765145881519;6,023765145881519;5,985958825739138;5,992259979248047;421143;0,0;0,0
2023-08-16 00:00:00-03:00;5,998560905456543;6,023764917626064;5,998560905456543;5,998560905456543;410636;0,0;0,0
2023-08-17 00:00:00-03:00;6,0048627853393555;6,036367957744019;6,0048627853393555;6,0048627853393555;406186;0,0;0,0
2023-08-18 00:00:00-03:00;6,017463433960548;6,017463433960548;5,992259423174881;6,011162281036377;412082;0,0;0,0
2023-08-21 00:00:00-03:00;6,011163007233788;6,017464160919189;5,992260147088672;6,0174641609191895;510647;0,0;0,0
2023-08-22 00:00:00-03:00;6,017462653623007;6,042666661140249;6,004860349408917;6,036365509033203;378961;0,0;0,0
2023-08-23 00:00:00-03:00;6,036367270946219;6,042668424892463;6,011163256072354;6,023765563964844;398750;0,0;0,0
2023-08-24 00:00:00-03:00;6,017464229255224;6,023765383012184;5,696112598583448;5,803229808807373;1153039;0,0;0,0
2023-08-25 00:00:00-03:00;5,778025546712909;5,78432670019944;5,59529630198102;5,614199161529541;1891534;0,0;0,0
2023-08-28 00:00:00-03:00;5,601597455467551;5,614199161529541;5,261342979038822;5,614199161529541;2419889;0,0;0,0
2023-08-29 00:00:00-03:00;5,607899195548012;5,607899195548012;5,45037393049429;5,544889450073242;691513;0,0;0,0
2023-08-30 00:00:00-03:00;5,551190085240908;5,664607856842807;5,544888931009929;5,652006149291992;655649;0,0;0,0
2023-08-31 00:00:00-03:00;5,6646081190169975;5,853638548317218;5,620501239181041;5,796929359436035;589963;0,0;0,0
2023-09-01 00:00:00-03:00;5,815831118155388;5,853637437203659;5,7024133628326865;5,784326553344727;661504;0,0;0,0
2023-09-04 00:00:00-03:00;5,815830957443272;5,853637275446819;5,803229252049449;5,822132110595703;556993;0,0;0,0
2023-09-05 00:00:00-03:00;5,853638728092891;5,910347918715714;5,841037019571812;5,897745609283447;539112;0,0;0,0
2023-09-06 00:00:00-03:00;5,904046141272738;5,9166484493757805;5,853638110682814;5,885143280029297;499483;0,0;0,0
2023-09-08 00:00:00-03:00;5,8851424165843955;5,929249286651611;5,878841263457354;5,929249286651611;475282;0,0;0,0
2023-09-11 00:00:00-03:00;5,935552670697433;5,985960712837904;5,935552670697433;5,979659557342529;779917;0,0;0,0
2023-09-12 00:00:00-03:00;5,985958825739138;5,998561132756955;5,967055966123483;5,992259979248047;462825;0,0;0,0
2023-09-13 00:00:00-03:00;5,9985622315873695;6,017465094665694;5,9922610769241995;6,0048627853393555;418736;0,0;0,0
2023-09-14 00:00:00-03:00;5,947367215648707;5,972919788261984;5,940978920190041;5,953754901885986;511357;0,13;0,0
2023-09-15 00:00:00-03:00;5,960144886782048;5,985697466638351;5,960144886782048;5,966533184051514;367941;0,0;0,0
2023-09-18 00:00:00-03:00;5,96653166944559;5,9920842428153644;5,953755078150001;5,979307651519775;544311;0,0;0,0
2023-09-19 00:00:00-03:00;5,992084065416594;5,992084065416594;5,934590624731375;5,953754901885986;481135;0,0;0,0
2023-09-20 00:00:00-03:00;5,953754901885986;5,992084065416594;5,92181464303543;5,953754901885986;527420;0,0;0,0
2023-09-21 00:00:00-03:00;5,972921113558162;5,979308801212769;5,947368535275175;5,960144519805908;386030;0,0;0,0
2023-09-22 00:00:00-03:00;5,966533938105185;5,985698223114014;5,960145640028363;5,985698223114014;321957;0,0;0,0
2023-09-25 00:00:00-03:00;5,9856982557217755;5,9856982557217755;5,749336708586483;5,870711326599121;701159;0,0;0,0
2023-09-26 00:00:00-03:00;5,864323000722466;5,985697605551313;5,806829542406117;5,915428161621094;380555;0,0;0,0
2023-09-27 00:00:00-03:00;5,921816790496912;5,966533656480727;5,8387707470829655;5,896263599395752;338291;0,0;0,0
2023-09-28 00:00:00-03:00;5,870710602134382;5,934592356924116;5,86432291403266;5,92820405960083;377764;0,0;0,0
2023-09-29 00:00:00-03:00;5,928204758865889;5,998474819267658;5,928204758865889;5,985698223114014;380819;0,0;0,0
2023-10-02 00:00:00-03:00;5,9984731674194345;6,024025743468465;5,966532295052778;5,998473167419434;398937;0,0;0,0
2023-10-03 00:00:00-03:00;6,0304134305646215;6,0368017268822465;5,9920848711018095;5,998473167419434;314097;0,0;0,0
2023-10-04 00:00:00-03:00;5,998475350288043;6,036803923698773;5,992087051645692;6,017639636993408;317259;0,0;0,0
2023-10-05 00:00:00-03:00;6,02402793563576;6,036803923698773;6,011251338351057;6,017639636993408;225482;0,0;0,0
2023-10-06 00:00:00-03:00;6,036802549148634;6,0687434258659225;6,01763826680688;6,04957914352417;313075;0,0;0,0
2023-10-09 00:00:00-03:00;6,055966634951466;6,0687432289123535;6,036802353231667;6,0687432289123535;315553;0,0;0,0
2023-10-10 00:00:00-03:00;6,068742970675519;6,068742970675519;6,036802096353979;6,055966377258301;355248;0,0;0,0
2023-10-11 00:00:00-03:00;6,055965941894672;6,08151912689209;6,055965941894672;6,08151912689209;340975;0,0;0,0
2023-10-13 00:00:00-03:00;6,075050354003906;6,081519587035662;6,029762020788463;6,075050354003906;437412;0,12;0,0
2023-10-16 00:00:00-03:00;6,0750501236122485;6,094459055969165;6,055640574256497;6,062110424041748;359776;0,0;0,0
2023-10-17 00:00:00-03:00;6,055639743804932;6,087988371296158;6,042700663007691;6,055639743804932;377980;0,0;0,0
2023-10-18 00:00:00-03:00;6,062110779298278;6,075050479627081;6,003883361816406;6,003883361816406;275434;0,0;0,0
2023-10-19 00:00:00-03:00;6,010352366158917;6,055640076938759;6,010352366158917;6,023292064666748;314315;0,0;0,0
2023-10-20 00:00:00-03:00;6,0491719245910645;6,055641158001093;6,023293139954265;6,0491719245910645;315595;0,0;0,0
2023-10-23 00:00:00-03:00;6,049170383837996;6,049170383837996;6,016821757031626;6,029760837554932;302086;0,0;0,0
2023-10-24 00:00:00-03:00;6,02976129692188;6,049170844683627;5,99741328464987;6,023292064666748;278973;0,0;0,0
2023-10-25 00:00:00-03:00;6,023292912309611;6,023292912309611;5,990944278486474;6,003883361816406;322395;0,0;0,0
2023-10-26 00:00:00-03:00;5,9844745368440835;5,997414237407534;5,9327169685880445;5,9585957527160645;569075;0,0;0,0
2023-10-27 00:00:00-03:00;5,965065835000259;5,971535068534713;5,932717199332362;5,939187049865723;393915;0,0;0,0
2023-10-30 00:00:00-03:00;5,958594791802829;5,965064641041194;5,893897533416748;5,893897533416748;491922;0,0;0,0
2023-10-31 00:00:00-03:00;5,913307081131842;5,926246162609789;5,8744886027004375;5,893897533416748;419823;0,0;0,0
2023-11-01 00:00:00-03:00;5,8938980112507755;5,952125425119143;5,8938980112507755;5,926246643066406;349554;0,0;0,0
2023-11-03 00:00:00-03:00;5,926248665779502;5,990945951492868;5,926248665779502;5,952127456665039;300687;0,0;0,0
2023-11-06 00:00:00-03:00;5,965065722485755;6,042702076424969;5,95859587207443;6,0168232917785645;367449;0,0;0,0
2023-11-07 00:00:00-03:00;6,016823289545341;6,0491719245910645;5,997414355317465;6,0491719245910645;252110;0,0;0,0
2023-11-08 00:00:00-03:00;6,049170511905687;6,081518522398163;6,042700663007691;6,055639743804932;311255;0,0;0,0
2023-11-09 00:00:00-03:00;6,0491711131842685;6,087988976433178;6,0491711131842685;6,08151912689209;348811;0,0;0,0
2023-11-10 00:00:00-03:00;6,094459055969165;6,094459055969165;6,062110424041748;6,062110424041748;413991;0,0;0,0
2023-11-13 00:00:00-03:00;6,062110654285489;6,087989437410552;6,023292788097323;6,042701721191406;438979;0,0;0,0
2023-11-14 00:00:00-03:00;5,98384423056842;5,990384100993961;5,911907526916582;5,951146125793457;743747;0,1;0,0
2023-11-16 00:00:00-03:00;5,944604396820068;5,964223378286554;5,918445546972695;5,944604396820068;538744;0,0;0,0
2023-11-17 00:00:00-03:00;5,944605875714658;5,96422486206194;5,924986889367376;5,938066005706787;396217;0,0;0,0
2023-11-20 00:00:00-03:00;5,944606402093106;5,957685519590637;5,9315266609191895;5,9315266609191895;336014;0,0;0,0
2023-11-21 00:00:00-03:00;5,9315266609191895;5,951146272680065;5,9249874140086165;5,9315266609191895;501861;0,0;0,0
2023-11-22 00:00:00-03:00;5,918446636753192;5,931525752247085;5,892287782089115;5,905366897583008;425969;0,0;0,0
2023-11-23 00:00:00-03:00;5,905368050826938;5,905368050826938;5,807272482598893;5,820351600646973;700106;0,0;0,0
2023-11-24 00:00:00-03:00;5,8203516006469735;5,859590202144039;5,787653493688566;5,820351600646973;459823;0,0;0,0
2023-11-27 00:00:00-03:00;5,807272843954074;5,820351962815997;5,591462081482509;5,637239933013916;1027813;0,0;0,0
2023-11-28 00:00:00-03:00;5,630698499604304;5,754953524540636;5,6045396454613305;5,715714931488037;534724;0,0;0,0
2023-11-29 00:00:00-03:00;5,715715311794795;5,754953907458214;5,702636195691201;5,728795051574707;294042;0,0;0,0
2023-11-30 00:00:00-03:00;5,728795099895069;5,82035078442142;5,722255229949951;5,722255229949951;352839;0,0;0,0
2023-12-01 00:00:00-03:00;5,794191356659935;5,81381096455961;5,702635681166505;5,774572372436523;357666;0,0;0,0
2023-12-04 00:00:00-03:00;5,774572234164381;5,820350070814946;5,709174790083933;5,8138108253479;306240;0,0;0,0
2023-12-05 00:00:00-03:00;5,813811440189569;5,813811440189569;5,722255133529622;5,735334873199463;387499;0,0;0,0
2023-12-06 00:00:00-03:00;5,754953861236572;5,787652586747411;5,741874121561711;5,754953861236572;230460;0,0;0,0
2023-12-07 00:00:00-03:00;5,754954002921384;5,787652729237253;5,689556550289646;5,696096420288086;384597;0,0;0,0
2023-12-08 00:00:00-03:00;5,696097794815446;5,748415520075113;5,696097794815446;5,741875648498535;282284;0,0;0,0
2023-12-11 00:00:00-03:00;5,741875648498535;5,781114254281525;5,702637666392025;5,741875648498535;372667;0,0;0,0
2023-12-12 00:00:00-03:00;5,735334584691482;5,74187383052114;5,676477006490572;5,689556121826172;378189;0,0;0,0
2023-12-13 00:00:00-03:00;5,636630535125732;5,669708846300195;5,603551593022927;5,636630535125732;531537;0,1;0,0
2023-12-14 00:00:00-03:00;5,636629915692348;5,636629915692348;5,530777186410311;5,56385612487793;658062;0,0;0,0
2023-12-15 00:00:00-03:00;5,563856874135579;5,590319902287668;5,524162647371626;5,530777931213379;492478;0,0;0,0
2023-12-18 00:00:00-03:00;5,5307788104988145;5,550626557964553;5,312458635803365;5,41169548034668;1222752;0,0;0,0
2023-12-19 00:00:00-03:00;5,4050799269360414;5,458005995203124;5,3058437066673845;5,3124589920043945;1009415;0,0;0,0
2023-12-20 00:00:00-03:00;5,3124572860848005;5,365383337356437;5,285994260448982;5,31907320022583;836079;0,0;0,0
2023-12-21 00:00:00-03:00;5,319075104234771;5,358769972361769;5,312459187725517;5,345538139343262;346984;0,0;0,0
2023-12-22 00:00:00-03:00;5,345537839664217;5,775562293801487;5,345537839664217;5,669710159301758;649534;0,0;0,0
2023-12-26 00:00:00-03:00;5,669708471420265;5,821871342660856;5,669708471420265;5,75571346282959;402641;0,0;0,0
2023-12-27 00:00:00-03:00;5,768945698124902;5,808639924081164;5,7623297834894105;5,795408725738525;304137;0,0;0,0
2023-12-28 00:00:00-03:00;5,8152564001170575;5,9806504964013065;5,7954092852229016;5,8880295753479;473269;0,0;0,0
2024-01-02 00:00:00-03:00;5,888029102237534;5,940955158321548;5,8814138184233;5,914492130279541;376713;0,0;0,0
2024-01-03 00:00:00-03:00;5,914492130279541;5,921108045022132;5,894645016980125;5,914492130279541;264565;0,0;0,0
2024-01-04 00:00:00-03:00;5,921109949713174;5,947572986267759;5,914494032842389;5,940957069396973;292941;0,0;0,0
2024-01-05 00:00:00-03:00;5,947571954302778;5,967419701471347;5,940956038579921;5,954187870025635;304539;0,0;0,0
2024-01-08 00:00:00-03:00;5,954186720142838;5,993881575885587;5,947570805697658;5,974033832550049;321683;0,0;0,0
2024-01-09 00:00:00-03:00;5,974033832550049;6,013728688292798;5,974033832550049;5,974033832550049;326743;0,0;0,0
2024-01-10 00:00:00-03:00;5,974034785529345;6,013729647604229;5,921108723381788;5,947571754455566;482485;0,0;0,0
2024-01-11 00:00:00-03:00;5,954187594372921;6,00049774043206;5,888029702064076;5,987266540527344;480218;0,0;0,0
2024-01-12 00:00:00-03:00;6,0035657386790495;6,023689244028057;5,923071077568317;5,956610679626465;449539;0,124299;0,0
2024-01-15 00:00:00-03:00;5,990149021148682;6,010272522263004;5,9767329272627565;5,990149021148682;382518;0,0;0,0
2024-01-16 00:00:00-03:00;5,990149682448746;6,010273185784661;5,970025539398193;5,970025539398193;325712;0,0;0,0
2024-01-17 00:00:00-03:00;5,976734709049879;6,023689772219753;5,976734709049879;6,003566265106201;254106;0,0;0,0
2024-01-18 00:00:00-03:00;6,003566239827869;6,043813893600266;6,003566239827869;6,0236897468566895;350098;0,0;0,0
2024-01-19 00:00:00-03:00;6,037105870105293;6,037105870105293;5,983442757992648;6,003566265106201;311839;0,0;0,0
2024-01-22 00:00:00-03:00;6,0035671235408525;6,037106733335687;5,983443613549891;5,996859073638916;366209;0,0;0,0
2024-01-23 00:00:00-03:00;6,016982631512566;6,023690041039912;5,916363812024959;5,92307186126709;426248;0,0;0,0
2024-01-24 00:00:00-03:00;5,929778554238784;6,0102732075891065;5,923070506530931;5,949902057647705;342318;0,0;0,0
2024-01-25 00:00:00-03:00;5,976734709049879;6,01698236299174;5,970026660107109;6,003566265106201;189353;0,0;0,0
2024-01-26 00:00:00-03:00;6,010273909402412;6,037105463652278;6,003565860911267;6,030397415161133;313691;0,0;0,0
2024-01-29 00:00:00-03:00;6,037105463652278;6,037105463652278;6,010273909402412;6,030397415161133;290508;0,0;0,0
2024-01-30 00:00:00-03:00;6,043813325464829;6,057228782318035;6,02368918061298;6,050521373748779;359151;0,0;0,0
2024-01-31 00:00:00-03:00;6,050521560634568;6,057228969410999;6,023689366669988;6,030397415161133;369994;0,0;0,0
2024-02-01 00:00:00-03:00;6,043813633340166;6,0572290908767625;6,016982078552247;6,016982078552246;414531;0,0;0,0
2024-02-02 00:00:00-03:00;6,016981675616073;6,050521276783624;6,016981675616073;6,043813228607178;274826;0,0;0,0
2024-02-05 00:00:00-03:00;6,043813325464829;6,0639368306019845;6,03039722889693;6,050521373748779;383292;0,0;0,0
2024-02-06 00:00:00-03:00;6,050521156887214;6,077352709346628;6,050521156887214;6,0572285652160645;303009;0,0;0,0
2024-02-07 00:00:00-03:00;6,057228782318035;6,070644878885934;6,0371052771808795;6,050521373748779;368213;0,0;0,0
2024-02-08 00:00:00-03:00;6,050521373748778;6,08406033573914;6,050521373748778;6,050521373748779;492233;0,0;0,0
2024-02-09 00:00:00-03:00;6,077353073465956;6,110892036263678;6,0639369765751;6,104184627532959;365064;0,0;0,0
2024-02-14 00:00:00-03:00;6,104184619518904;6,117600076677437;5,970026209645312;5,983442306518555;379804;0,0;0,0
2024-02-15 00:00:00-03:00;5,912845204586031;5,946710428356625;5,41841513368177;5,885753154754639;601396;0,0875;0,0
2024-02-16 00:00:00-03:00;5,885753154754639;5,919618378525233;5,865434278862449;5,885753154754639;346603;0,0;0,0
2024-02-19 00:00:00-03:00;5,885753777022224;5,899300126332808;5,824797142901054;5,831569671630859;386209;0,0;0,0
2024-02-20 00:00:00-03:00;5,818025567794189;5,818025567794189;5,7706146240234375;5,7706146240234375;341039;0,0;0,0
2024-02-21 00:00:00-03:00;5,770613554044864;5,784159258642456;5,743520852998592;5,7570672035217285;346458;0,0;0,0
2024-02-22 00:00:00-03:00;5,757067423657257;5,824797887011687;5,743521072616143;5,790932655334473;357367;0,0;0,0
2024-02-23 00:00:00-03:00;5,790932433904024;5,8247976642863195;5,7570672035217285;5,7570672035217285;295131;0,0;0,0
2024-02-26 00:00:00-03:00;5,763838768005371;5,804476516366955;5,689335152800193;5,763838768005371;336464;0,0;0,0
2024-02-27 00:00:00-03:00;5,743521917953677;5,790933507650093;5,736749387361901;5,7706146240234375;369633;0,0;0,0
2024-02-28 00:00:00-03:00;5,7570673917648385;5,77061374273091;5,621607111731955;5,635152816772461;451584;0,0;0,0
2024-02-29 00:00:00-03:00;5,635152193872504;5,68933629989624;5,5538760348369;5,68933629989624;426175;0,0;0,0
2024-03-01 00:00:00-03:00;5,68933629989624;5,818024036146735;5,6216064903293175;5,68933629989624;282170;0,0;0,0
2024-03-04 00:00:00-03:00;5,689336792977947;5,736748374301889;5,553876516178577;5,567422866821289;557593;0,0;0,0
2024-03-05 00:00:00-03:00;5,567421070973619;5,6283783373521254;5,560647897837043;5,587739944458008;245894;0,0;0,0
2024-03-06 00:00:00-03:00;5,594514910902352;5,608060615592205;5,5538765049816945;5,574195384979248;273111;0,0;0,0
2024-03-07 00:00:00-03:00;5,574193598184854;5,6757892574574775;5,567421070973619;5,587739944458008;246006;0,0;0,0
2024-03-08 00:00:00-03:00;5,587739944458008;5,65547038397309;5,533555851216079;5,587739944458008;480657;0,0;0,0
2024-03-11 00:00:00-03:00;5,587741068668335;5,587741068668335;5,465826511383057;5,465826511383057;514747;0,0;0,0
2024-03-12 00:00:00-03:00;5,45228067602239;5,594514107429077;5,445507501687439;5,513237953186035;533589;0,0;0,0
2024-03-13 00:00:00-03:00;5,5475676274315395;5,595628028991396;5,513238488557129;5,533836364746094;446584;0,11;0,0
2024-03-14 00:00:00-03:00;5,533836364746094;5,554433586161195;5,4995072258716835;5,533836364746094;517569;0,0;0,0
2024-03-15 00:00:00-03:00;5,513238685026471;5,575031006247664;5,513238685026471;5,540701866149902;346475;0,0;0,0
2024-03-18 00:00:00-03:00;5,54756712923334;5,5612990454594575;5,52010395155491;5,526969909667969;318331;0,0;0,0
2024-03-19 00:00:00-03:00;5,533835670499121;5,575030108161278;5,533835670499121;5,561298847198486;297768;0,0;0,0
2024-03-20 00:00:00-03:00;5,561299084884389;5,657419880053408;5,547567168560924;5,623090744018555;333568;0,0;0,0
2024-03-21 00:00:00-03:00;5,623091240328938;5,684883559690882;5,616225936335063;5,62995719909668;189261;0,0;0,0
2024-03-22 00:00:00-03:00;5,643688420481211;5,6986147743002284;5,636822462560387;5,657419681549072;327548;0,0;0,0
2024-03-25 00:00:00-03:00;5,664285897747912;5,698615034143572;5,636822719586148;5,684883117675781;256650;0,0;0,0
2024-03-26 00:00:00-03:00;5,68488359892161;5,698615516551857;5,6368231967634905;5,643689155578613;294451;0,0;0,0
2024-03-27 00:00:00-03:00;5,664285182952881;5,684882400281519;5,629956050889329;5,664285182952881;268474;0,0;0,0
2024-03-28 00:00:00-03:00;5,678017378971552;5,760406907141338;5,664285463556371;5,698614597320557;330800;0,0;0,0
2024-04-01 00:00:00-03:00;5,705480992377467;5,760407348700996;5,636822719586148;5,684883117675781;497757;0,0;0,0
2024-04-02 00:00:00-03:00;5,68488341351112;5,726078510284424;5,650554275329008;5,726078510284424;246393;0,0;0,0
2024-04-03 00:00:00-03:00;5,6986143608747515;5,760406668131658;5,6986143608747515;5,719211578369141;170299;0,0;0,0
2024-04-04 00:00:00-03:00;5,732943534851074;5,767272012666461;5,7260775773785;5,732943534851074;201364;0,0;0,0
2024-04-05 00:00:00-03:00;5,739808882357866;5,801601190545933;5,739808882357866;5,787869930267334;271578;0,0;0,0
2024-04-08 00:00:00-03:00;5,787870211433842;5,897722918094117;5,787870211433842;5,863393783569336;354641;0,0;0,0
2024-04-09 00:00:00-03:00;5,863394555209248;5,911454957004563;5,8359313749299435;5,904589653015137;291284;0,0;0,0
2024-04-10 00:00:00-03:00;5,911454156976138;5,918320114810224;5,787870189831477;5,815333366394043;475944;0,0;0,0
2024-04-11 00:00:00-03:00;5,877937987467743;5,8848942864683025;5,794464389628591;5,80142068862915;289329;0,11;0,0
2024-04-12 00:00:00-03:00;5,82229022044448;5,836202821547707;5,808378282730587;5,829246520996094;223765;0,0;0,0
2024-04-15 00:00:00-03:00;5,836202056700519;5,843157692951247;5,66925418228735;5,690123081207275;672782;0,0;0,0
2024-04-16 00:00:00-03:00;5,710991582098208;5,759684355062041;5,669254445708295;5,70403528213501;329586;0,0;0,0
2024-04-17 00:00:00-03:00;5,704034408430225;5,752727837324811;5,704034408430225;5,717947006225586;299638;0,0;0,0
2024-04-18 00:00:00-03:00;5,7318596839904785;5,738815983790314;5,704035148180399;5,7318596839904785;241591;0,0;0,0
2024-04-19 00:00:00-03:00;5,724903583526611;5,738816183610706;5,7040353467897535;5,724903583526611;285469;0,0;0,0
2024-04-22 00:00:00-03:00;5,738816183610706;5,752728783694801;5,662298873316039;5,724903583526611;437246;0,0;0,0
2024-04-23 00:00:00-03:00;5,724903252628657;5,731859552268633;5,662298546036622;5,690123081207275;240338;0,0;0,0
2024-04-24 00:00:00-03:00;5,690121848364732;5,717946377506822;5,662297319222642;5,683165550231934;260683;0,0;0,0
2024-04-25 00:00:00-03:00;5,69012265608206;5,710990890053614;5,648385524749756;5,648385524749756;206420;0,0;0,0
2024-04-26 00:00:00-03:00;5,676210337048823;5,690122935973671;5,63447386705274;5,655342102050781;376295;0,0;0,0
2024-04-29 00:00:00-03:00;5,655341823870007;5,68316635696181;5,634473589898453;5,648385524749756;295456;0,0;0,0
2024-04-30 00:00:00-03:00;5,655341642924815;5,731858940631771;5,648385344027134;5,717947006225586;256381;0,0;0,0
2024-05-02 00:00:00-03:00;5,724903518635327;5,738816118561724;5,697078982171811;5,70403528213501;329512;0,0;0,0
2024-05-03 00:00:00-03:00;5,731859088151939;5,759683621069601;5,704034555234277;5,75272798538208;202238;0,0;0,0
2024-05-06 00:00:00-03:00;5,745772418524922;5,745772418524922;5,70403528213501;5,70403528213501;362129;0,0;0,0
2024-05-07 00:00:00-03:00;5,704034522596606;5,704034522596606;5,564911858804336;5,627517223358154;664197;0,0;0,0
2024-05-08 00:00:00-03:00;5,634475031039646;5,641430668549756;5,557957047924126;5,578825950622559;581483;0,0;0,0
2024-05-09 00:00:00-03:00;5,5927369985479585;5,613605234534352;5,571868762561565;5,599693298339844;288759;0,0;0,0
2024-05-10 00:00:00-03:00;5,606649519658514;5,655342290741659;5,578824984269682;5,585780620574951;354977;0,0;0,0
2024-05-13 00:00:00-03:00;5,599693633673496;5,613605570701111;5,564912796020508;5,564912796020508;406993;0,0;0,0
2024-05-14 00:00:00-03:00;5,6001334443980015;5,614221817323918;5,445161342212921;5,480382442474365;849437;0,1;0,0
2024-05-15 00:00:00-03:00;5,4874265278923655;5,5156032740877246;5,31132169622472;5,318366050720215;993994;0,0;0,0
2024-05-16 00:00:00-03:00;5,311320999117242;5,318365352688169;5,043641609500775;5,297232627868652;1528167;0,0;0,0
2024-05-17 00:00:00-03:00;5,28314520522611;5,416984924065704;5,156349841222281;5,332454681396484;556855;0,0;0,0
2024-05-20 00:00:00-03:00;5,353585637464712;5,4803813033358315;5,318364880417474;5,45220422744751;484722;0,0;0,0
2024-05-21 00:00:00-03:00;5,466294800368849;5,529692319064798;5,409940965237609;5,494471549987793;440521;0,0;0,0
2024-05-22 00:00:00-03:00;5,501515131500474;5,529691878876423;5,438117281957928;5,4874267578125;278965;0,0;0,0
2024-05-23 00:00:00-03:00;5,487426065038595;5,579000650396026;5,487426065038595;5,536735534667969;360822;0,0;0,0
2024-05-24 00:00:00-03:00;5,543780107363397;5,586045227320325;5,543780107363397;5,557868480682373;224172;0,0;0,0
2024-05-27 00:00:00-03:00;5,557868550239371;5,607178025419556;5,388808068295861;5,431073188781738;349273;0,0;0,0
2024-05-28 00:00:00-03:00;5,466292933338289;5,5085580433309165;5,438115857449968;5,45220422744751;175747;0,0;0,0
2024-05-29 00:00:00-03:00;5,473338088064754;5,52969157976842;5,445161342212921;5,480382442474365;213078;0,0;0,0
2024-05-31 00:00:00-03:00;5,480381910501504;5,579000511410152;5,473337556775679;5,571956157684326;205989;0,0;0,0
2024-06-03 00:00:00-03:00;5,586044529242704;5,600132900801083;5,508558653618261;5,571956157684326;286377;0,0;0,0
2024-06-04 00:00:00-03:00;5,586045227320325;5,5930895819264705;5,50151498740647;5,557868480682373;274875;0,0;0,0
2024-06-05 00:00:00-03:00;5,557867924585357;5,579000650396026;5,5156028088573;5,536735534667969;194020;0,0;0,0
2024-06-06 00:00:00-03:00;5,550823768293395;5,59308888296853;5,543779414567569;5,571956157684326;196284;0,0;0,0
2024-06-07 00:00:00-03:00;5,5719554648796175;5,586043834686279;5,550823078116242;5,586043834686279;221103;0,0;0,0
2024-06-10 00:00:00-03:00;5,579001429481773;5,600133822350217;5,543780326843262;5,543780326843262;331967;0,0;0,0
2024-06-11 00:00:00-03:00;5,571956335352642;5,571956335352642;5,494470457257471;5,529691219329834;240066;0,0;0,0
2024-06-12 00:00:00-03:00;5,508559924797265;5,543780693874271;5,494471549987793;5,494471549987793;206733;0,0;0,0
2024-06-13 00:00:00-03:00;5,494470596313477;5,551556292335063;5,387435724379957;5,494470596313477;349593;0,1;0,0
2024-06-14 00:00:00-03:00;5,49446971999666;5,508741056662021;5,45879154846101;5,480198383331299;203869;0,0;0,0
2024-06-17 00:00:00-03:00;5,480199126692597;5,530148981924559;5,437385110889009;5,444520950317383;300271;0,0;0,0
2024-06-18 00:00:00-03:00;5,444520522447091;5,48733453488604;5,408842008620203;5,4231133460998535;246623;0,0;0,0
2024-06-19 00:00:00-03:00;5,437385110889009;5,523013142496185;5,437385110889009;5,444520950317383;221921;0,0;0,0
2024-06-20 00:00:00-03:00;5,458792606339211;5,508742124220111;5,444521266908158;5,473063945770264;272736;0,0;0,0
2024-06-21 00:00:00-03:00;5,4730643414524645;5,501607022378101;5,458793000989647;5,487335681915283;270723;0,0;0,0
2024-06-24 00:00:00-03:00;5,487334221791732;5,508741056662021;5,45879154846101;5,480198383331299;239557;0,0;0,0
2024-06-25 00:00:00-03:00;5,487334966120971;5,4944704652937935;5,423113772287812;5,444520950317383;252305;0,0;0,0
2024-06-26 00:00:00-03:00;5,444520522447091;5,465927358538803;5,387435172528491;5,4231133460998535;265081;0,0;0,0
2024-06-27 00:00:00-03:00;5,437384527645203;5,473063040448895;5,430249029237773;5,451655864715576;220935;0,0;0,0
2024-06-28 00:00:00-03:00;5,465928102090075;5,565827818292893;5,465928102090075;5,55869197845459;317536;0,0;0,0
2024-07-01 00:00:00-03:00;5,558691689573626;5,637184222437909;5,558691689573626;5,622912883758545;263213;0,0;0,0
2024-07-02 00:00:00-03:00;5,6371844599579255;5,665727138519287;5,622913120677245;5,665727138519287;190874;0,0;0,0
2024-07-03 00:00:00-03:00;5,65859191031438;5,69427043249989;5,630049228668213;5,630049228668213;200027;0,0;0,0
2024-07-04 00:00:00-03:00;5,637184826199905;5,679998846823529;5,630048985968173;5,672863006591797;143073;0,0;0,0
2024-07-05 00:00:00-03:00;5,672861498973058;5,70140417180331;5,658590162557931;5,687132835388184;241033;0,0;0,0
2024-07-08 00:00:00-03:00;5,687133817567323;5,708540996014825;5,672862478687509;5,69426965713501;268497;0,0;0,0
2024-07-09 00:00:00-03:00;5,708540100647506;5,765625447213099;5,694268764006107;5,758489608764648;195746;0,0;0,0
2024-07-10 00:00:00-03:00;5,772762270176908;5,836983466143553;5,765626430511475;5,765626430511475;247222;0,0;0,0
2024-07-11 00:00:00-03:00;5,751177116197932;5,758402033892832;5,657250774527994;5,671700954437256;322322;0,1;0,0
2024-07-12 00:00:00-03:00;5,678925467257245;5,758401274010781;5,678925467257245;5,751176357269287;186633;0,0;0,0
2024-07-15 00:00:00-03:00;5,751176252771622;5,787301869380959;5,751176252771622;5,765626430511475;212190;0,0;0,0
2024-07-16 00:00:00-03:00;5,772851733042382;5,816202613679398;5,758401554336522;5,801752090454102;158413;0,0;0,0
2024-07-17 00:00:00-03:00;5,801751907746007;5,845102787017822;5,794527335399746;5,845102787017822;216045;0,0;0,0
2024-07-18 00:00:00-03:00;5,8451034649916505;5,8451034649916505;5,772852220837816;5,794528007507324;228279;0,0;0,0
2024-07-19 00:00:00-03:00;5,816203079344689;5,845103439070272;5,765627277565187;5,7800774574279785;201828;0,0;0,0
2024-07-22 00:00:00-03:00;5,79452725097208;5,808977084492914;5,74395111105206;5,772851467132568;327399;0,0;0,0
2024-07-23 00:00:00-03:00;5,772851467132568;5,787301989692242;5,751176372331897;5,772851467132568;188220;0,0;0,0
2024-07-24 00:00:00-03:00;5,758401289092314;5,772851467132568;5,751176372331897;5,772851467132568;167350;0,0;0,0
2024-07-25 00:00:00-03:00;5,77285145201319;5,8017518080180075;5,743951096008373;5,751176357269287;188612;0,0;0,0
2024-07-26 00:00:00-03:00;5,75840201537406;5,801752554962434;5,743951835511268;5,7800774574279785;164455;0,0;0,0
2024-07-29 00:00:00-03:00;5,780076818825964;5,794527341611677;5,7367262840271;5,7367262840271;252335;0,0;0,0
2024-07-30 00:00:00-03:00;5,74395099164199;5,787301869380959;5,74395099164199;5,765626430511475;155014;0,0;0,0
2024-07-31 00:00:00-03:00;5,765626577788752;5,80175185080146;5,74395113836559;5,787302017211914;194844;0,0;0,0
2024-08-01 00:00:00-03:00;5,816202613679398;5,830652447865822;5,787302256267678;5,801752090454102;195594;0,0;0,0
2024-08-02 00:00:00-03:00;5,837877020861698;5,866777374864427;5,816201927619349;5,830651760101318;227378;0,0;0,0
2024-08-05 00:00:00-03:00;5,830651294625057;5,830651294625057;5,743950239538442;5,823426723480225;225946;0,0;0,0
2024-08-06 00:00:00-03:00;5,8234276919013395;5,859552620749194;5,8162024305162285;5,845102787017822;155520;0,0;0,0
2024-08-07 00:00:00-03:00;5,8523273640830515;5,888452288706774;5,8451021035428;5,874002456665039;165124;0,0;0,0
2024-08-08 00:00:00-03:00;5,881228461498671;5,9029035568237305;5,874003200044033;5,9029035568237305;232944;0,0;0,0
2024-08-09 00:00:00-03:00;5,902903795610966;5,931804153559756;5,881228699409095;5,917353630065918;230194;0,0;0,0
2024-08-12 00:00:00-03:00;5,917353656586662;5,931804180145264;5,888453298508345;5,931804180145264;381983;0,0;0,0
2024-08-13 00:00:00-03:00;5,9978767974760485;6,019900628643502;5,9318046038487156;5,975852966308594;277895;0,13;0,0
2024-08-14 00:00:00-03:00;5,975852338443886;6,027241505810299;5,968510828784429;5,997876167297363;191213;0,0;0,0
2024-08-15 00:00:00-03:00;6,01989952654522;6,107995535211754;5,997875699409797;6,093313217163086;282055;0,0;0,0
2024-08-16 00:00:00-03:00;6,093314482914651;6,232799683913757;6,093314482914651;6,210775852203369;290115;0,0;0,0
2024-08-19 00:00:00-03:00;6,2327985763549805;6,240140085662197;6,210774748558193;6,2327985763549805;325035;0,0;0,0
2024-08-20 00:00:00-03:00;6,276846557500575;6,2988703839830835;6,218115886797339;6,254822731018066;390000;0,0;0,0
2024-08-21 00:00:00-03:00;6,276847010192043;6,291529328864343;6,2474816727225715;6,269505500793457;230652;0,0;0,0
2024-08-22 00:00:00-03:00;6,276847057519997;6,291529376303003;6,218116382138221;6,225457191467285;352900;0,0;0,0
2024-08-23 00:00:00-03:00;6,262163743245852;6,284188270568848;6,247481425155364;6,284188270568848;176781;0,0;0,0
2024-08-26 00:00:00-03:00;6,291529333703755;6,364943027496338;6,284188524424394;6,364943027496338;318965;0,0;0,0
2024-08-27 00:00:00-03:00;6,379624524558712;6,570499543737053;6,372283716224761;6,56315803527832;360593;0,0;0,0
2024-08-28 00:00:00-03:00;6,563158332121512;6,62188970232293;6,511769170835686;6,519110679626465;351817;0,0;0,0
2024-08-29 00:00:00-03:00;6,533793279980031;6,592523952599527;6,533793279980031;6,585183143615723;183243;0,0;0,0
2024-08-30 00:00:00-03:00;6,599866588455971;6,629231929779052;6,59252507809396;6,629231929779053;237355;0,0;0,0
2024-09-02 00:00:00-03:00;6,607207298278809;6,629231126571439;6,577841960513676;6,607207298278809;329719;0,0;0,0
2024-09-03 00:00:00-03:00;6,621890317223815;6,629231126571439;6,592524279333803;6,607207298278809;270659;0,0;0,0
2024-09-04 00:00:00-03:00;6,607208098817982;6,629231929779052;6,599866588455971;6,629231929779053;215280;0,0;0,0
2024-09-05 00:00:00-03:00;6,629230128827994;6,680619987276118;6,62188932058521;6,651254653930664;186282;0,0;0,0
2024-09-06 00:00:00-03:00;6,651255333970768;6,6806206703186035;6,651255333970768;6,6806206703186035;261702;0,0;0,0
2024-09-09 00:00:00-03:00;6,680620698664209;6,754033689782865;6,680620698664209;6,746692180633545;287676;0,0;0,0
2024-09-10 00:00:00-03:00;6,754032882094045;6,776056706783413;6,702643724443934;6,724667549133301;297737;0,0;0,0
2024-09-11 00:00:00-03:00;6,754033236703848;6,754033236703848;6,687961059041967;6,732009410858154;285938;0,0;0,0
2024-09-12 00:00:00-03:00;6,7096705485134605;6,7320110945364044;6,672435831679786;6,687329292297363;314000;0,13;0,0
2024-09-13 00:00:00-03:00;6,68732817892851;6,724562889563003;6,68732817892851;6,7022223472595215;236236;0,0;0,0
2024-09-16 00:00:00-03:00;6,709669431425027;6,739457057894015;6,694775263094016;6,7022223472595215;262971;0,0;0,0
2024-09-17 00:00:00-03:00;6,74690414205952;6,74690414205952;6,7022223472595215;6,7022223472595215;257537;0,0;0,0
2024-09-18 00:00:00-03:00;6,746903970372119;6,776691596083106;6,732009802420118;6,7617974281311035;252483;0,0;0,0
2024-09-19 00:00:00-03:00;6,761797600197497;6,776691768528508;6,694775263094016;6,7022223472595215;363724;0,0;0,0
2024-09-20 00:00:00-03:00;6,7245618597565056;6,732008942781557;6,560730294362931;6,62030553817749;452545;0,0;0,0
2024-09-23 00:00:00-03:00;6,612859447577922;6,642647073955581;6,411792436883938;6,419239521026611;491916;0,0;0,0
2024-09-24 00:00:00-03:00;6,456473509951355;6,590518168766095;6,441579343330627;6,463920593261719;319681;0,0;0,0
2024-09-25 00:00:00-03:00;6,441579903427961;6,55328403221727;6,40434590402454;6,434133529663086;270028;0,0;0,0
2024-09-26 00:00:00-03:00;6,456474447018502;6,553284413524991;6,456474447018502;6,530943870544434;204808;0,0;0,0
2024-09-27 00:00:00-03:00;6,545837718149821;6,583072432125628;6,49370954469955;6,560731887817383;268306;0,0;0,0
2024-09-30 00:00:00-03:00;6,597964283628589;6,694774232295165;6,583070827783768;6,664986610412598;221981;0,0;0,0
2024-10-01 00:00:00-03:00;6,679881509062158;6,694774966540409;6,568177382106755;6,575624465942383;235647;0,0;0,0
2024-10-02 00:00:00-03:00;6,590519428253174;6,635200516268271;6,5681781740525365;6,590519428253174;216567;0,0;0,0
2024-10-03 00:00:00-03:00;6,635198994034667;6,642646077059718;6,597964289102335;6,62030553817749;218883;0,0;0,0
2024-10-04 00:00:00-03:00;6,664986852388402;6,672433935677645;6,627752146135136;6,642646312713623;170522;0,0;0,0
2024-10-07 00:00:00-03:00;6,664987970249791;6,687328513671558;6,5905192554462095;6,627753257751465;275971;0,0;0,0
2024-10-08 00:00:00-03:00;6,6649878826276305;6,6649878826276305;6,590519168803063;6,657540798187256;215815;0,0;0,0
2024-10-09 00:00:00-03:00;6,6575404928833715;6,6575404928833715;6,59051886657268;6,597965240478516;225981;0,0;0,0
2024-10-10 00:00:00-03:00;6,612860044867802;6,62775350430533;6,5905195006149615;6,60541296005249;317389;0,0;0,0
2024-10-11 00:00:00-03:00;6,575216027655583;6,597862953510193;6,431784537332662;6,446882247924805;354849;0,12;0,0
2024-10-14 00:00:00-03:00;6,446882460774542;6,446882460774542;6,13737182412252;6,243058681488037;370746;0,0;0,0
2024-10-15 00:00:00-03:00;6,235509918013822;6,4015883517142855;6,227960701954837;6,2657060623168945;234458;0,0;0,0
2024-10-16 00:00:00-03:00;6,295901634328301;6,318548560513803;6,258156277397261;6,280803203582764;207747;0,0;0,0
2024-10-17 00:00:00-03:00;6,3411956059632475;6,409137105730388;6,28080332171086;6,318548679351807;230299;0,0;0,0
2024-10-18 00:00:00-03:00;6,318548273373619;6,424235123991134;6,28080291815788;6,32609748840332;207500;0,0;0,0
2024-10-21 00:00:00-03:00;6,326096868368391;6,39403835711107;6,303449945431732;6,310998439788818;193193;0,0;0,0
2024-10-22 00:00:00-03:00;6,310998124717539;6,333645766456233;6,2808019889986095;6,303449630737305;171036;0,0;0,0
2024-10-23 00:00:00-03:00;6,303450773981113;6,318548484612486;6,197763919830322;6,197763919830322;202847;0,0;0,0
2024-10-24 00:00:00-03:00;6,1977641841924065;6,220411111071855;6,084528829862338;6,099626541137695;262045;0,0;0,0
2024-10-25 00:00:00-03:00;6,09962647076602;6,122273397384189;6,076979544147849;6,092077255249023;259018;0,0;0,0
2024-10-28 00:00:00-03:00;6,092077325533603;6,107175756741786;6,046783471774706;6,099626541137695;225342;0,0;0,0
2024-10-29 00:00:00-03:00;6,114725296107086;6,258156800515077;6,10717608010328;6,235509872436523;178006;0,0;0,0
2024-10-30 00:00:00-03:00;6,265704593915499;6,363842219884623;6,22041002810948;6,310998439788818;171633;0,0;0,0
2024-10-31 00:00:00-03:00;6,363842219884623;6,461979845853748;6,24305767097884;6,310998439788818;214532;0,0;0,0
2024-11-01 00:00:00-03:00;6,310999918805068;6,348745279167126;6,250607630198924;6,2657060623168945;203537;0,0;0,0
2024-11-04 00:00:00-03:00;6,280802552542992;6,295900981723494;6,212861061096191;6,212861061096191;176559;0,0;0,0
2024-11-05 00:00:00-03:00;6,23550932505179;6,28835239257387;6,227960109710693;6,227960109710693;126505;0,0;0,0
2024-11-06 00:00:00-03:00;6,21286181944119;6,295901750204387;6,205313323862295;6,243058681488037;220631;0,0;0,0
2024-11-07 00:00:00-03:00;6,243059134072807;6,341196063108141;6,227960701954837;6,2657060623168945;190958;0,0;0,0
2024-11-08 00:00:00-03:00;6,265704593915499;6,333646082658178;6,250606165335927;6,310998439788818;197097;0,0;0,0
2024-11-11 00:00:00-03:00;6,288352537225612;6,348744821478;6,265705610614171;6,318548679351807;221973;0,0;0,0
2024-11-12 00:00:00-03:00;6,318549545799218;6,333647978899135;6,227961106998463;6,258157253265381;176441;0,0;0,0
2024-11-13 00:00:00-03:00;6,2122524639408745;6,235203931637233;6,120445863541433;6,143397331237793;325647;0,11;0,0
2024-11-14 00:00:00-03:00;6,212252705556926;6,25050563961465;6,151048302910181;6,158699035644531;194435;0,0;0,0
2024-11-18 00:00:00-03:00;6,173999172968022;6,181649904960683;6,120445508247326;6,151047706604004;250264;0,0;0,0
2024-11-19 00:00:00-03:00;6,181650608821428;6,196952074549017;6,089844003298026;6,12044620513916;238852;0,0;0,0
2024-11-21 00:00:00-03:00;6,135746972232646;6,189300636953342;6,120445508247326;6,151047706604004;341365;0,0;0,0
2024-11-22 00:00:00-03:00;6,1816511020193605;6,196952568967764;6,158699631210856;6,166350364685059;161164;0,0;0,0
2024-11-25 00:00:00-03:00;6,1739997714992025;6,235204174145948;6,158699035644531;6,158699035644531;237312;0,0;0,0
2024-11-26 00:00:00-03:00;6,196952701258377;6,204602705281787;6,158699762684858;6,18930196762085;174938;0,0;0,0
2024-11-27 00:00:00-03:00;6,181650504233553;6,189301236967904;6,120446101586808;6,158699035644531;214493;0,0;0,0
2024-11-28 00:00:00-03:00;6,158699139844089;6,181650608821428;6,12044620513916;6,12044620513916;226812;0,0;0,0
2024-11-29 00:00:00-03:00;6,120446443223086;6,1510486462546385;6,120446443223086;6,135747909545898;196343;0,0;0,0
2024-12-02 00:00:00-03:00;6,181650849286191;6,196952315609003;6,128097176384492;6,135747909545898;215503;0,0;0,0
2024-12-03 00:00:00-03:00;6,135747670866749;6,166349872707883;6,12044620513916;6,12044620513916;196739;0,0;0,0
2024-12-04 00:00:00-03:00;6,1204458480879005;6,143397315726309;6,11279511567043;6,128096580505371;224626;0,0;0,0
2024-12-05 00:00:00-03:00;6,135747648162506;6,158699117054918;6,059241779035745;6,066892147064209;288650;0,0;0,0
2024-12-06 00:00:00-03:00;6,0439405751569755;6,120446078172732;6,0439405751569755;6,10514497756958;192120;0,0;0,0
2024-12-09 00:00:00-03:00;6,1127953454676485;6,135747543582897;6,059241675760127;6,10514497756958;255004;0,0;0,0
2024-12-10 00:00:00-03:00;6,105145081627589;6,120446182491538;6,051591046200262;6,066892147064209;208653;0,0;0,0
2024-12-11 00:00:00-03:00;6,059242452174746;6,074543554738538;5,890929959165969;5,967435836791992;348279;0,0;0,0
2024-12-12 00:00:00-03:00;5,975195738167025;5,990715712680756;5,7035959991640475;5,773436069488525;411066;0,11;0,0
2024-12-13 00:00:00-03:00;5,7734357149159825;5,920875648754167;5,7734357149159825;5,7889556884765625;287430;0,0;0,0
2024-12-16 00:00:00-03:00;5,804475761997333;5,858795855407498;5,633756049890954;5,680315971374512;318190;0,0;0,0
2024-12-17 00:00:00-03:00;5,734636547784075;5,742396720865006;5,548396834146765;5,618236541748047;335660;0,0;0,0
2024-12-18 00:00:00-03:00;5,649276858559233;5,664796834680601;5,610476733243104;5,64151668548584;280562;0,0;0,0
2024-12-19 00:00:00-03:00;5,6647957538998215;5,6647957538998215;5,625995635986328;5,625995635986328;270873;0,0;0,0
2024-12-20 00:00:00-03:00;5,625995877964346;5,680315971374512;5,625995877964346;5,680315971374512;234134;0,0;0,0
2024-12-23 00:00:00-03:00;5,680315790747773;5,982955455780029;5,680315790747773;5,982955455780029;308201;0,0;0,0
2024-12-26 00:00:00-03:00;6,045035373745767;6,153675187528744;6,00623525523917;6,130395412445068;215259;0,0;0,0
2024-12-27 00:00:00-03:00;6,169194732698847;6,301114682433784;6,138154788058313;6,293354511260986;219522;0,0;0,0
2024-12-30 00:00:00-03:00;6,316634777955749;6,440794551666323;6,2933542653470465;6,308874607086182;177736;0,0;0,0
2025-01-02 00:00:00-03:00;6,308875570884968;6,417515759503855;6,308875570884968;6,370955467224121;197549;0,0;0,0
2025-01-03 00:00:00-03:00;6,4330354833350345;6,440795655534594;6,378715758039624;6,409755706787109;162063;0,0;0,0
2025-01-06 00:00:00-03:00;6,409755831224725;6,440795780574813;6,370955709524424;6,401995658874512;160691;0,0;0,0
2025-01-07 00:00:00-03:00;6,4019950740646765;6,440795192220663;6,339915181035378;6,425274848937988;155727;0,0;0,0
2025-01-08 00:00:00-03:00;6,401995302062545;6,456315025385025;6,378715526360158;6,440795421600342;101993;0,0;0,0
2025-01-09 00:00:00-03:00;6,440795780574813;6,456315385224474;6,386475314174083;6,401995658874512;113908;0,0;0,0
2025-01-10 00:00:00-03:00;6,440795148543491;6,440795148543491;6,23127495595241;6,285595417022705;288651;0,0;0,0
2025-01-13 00:00:00-03:00;6,285595655347611;6,308875430945731;6,16919529725556;6,184715270996094;236605;0,0;0,0
2025-01-14 00:00:00-03:00;6,113898159384969;6,231927156711318;6,066686635495197;6,129635334014893;273297;0,11;0,0
2025-01-15 00:00:00-03:00;6,129635091642854;6,208320961681154;6,129635091642854;6,168978214263916;147585;0,0;0,0
2025-01-16 00:00:00-03:00;6,153241406235008;6,27127003071058;6,153241406235008;6,176846981048584;134923;0,0;0,0
2025-01-17 00:00:00-03:00;6,153240551937179;6,19258329623219;6,098160259679609;6,106029033660889;226635;0,0;0,0
2025-01-20 00:00:00-03:00;6,106028570021979;6,200451599404893;6,06668545351055;6,0902910232543945;371380;0,0;0,0
2025-01-21 00:00:00-03:00;6,0902920945284995;6,121766818396265;6,019474997636567;6,074554920196533;222686;0,0;0,0
2025-01-22 00:00:00-03:00;6,082423569705497;6,161109439744905;6,074554795099644;6,098160743713379;161360;0,0;0,0
2025-01-23 00:00:00-03:00;6,090292327504098;6,153241402443825;5,980132102966309;5,980132102966309;382848;0,0;0,0
2025-01-24 00:00:00-03:00;6,043080195425395;6,043080195425395;5,980131502015309;6,003737449645996;160537;0,0;0,0
2025-01-27 00:00:00-03:00;6,011605355719834;6,0588168719056705;5,901445151286216;5,940788269042969;172941;0,0;0,0
2025-01-28 00:00:00-03:00;5,956526524110492;6,011606448739951;5,838497524584179;5,9171833992004395;241541;0,0;0,0
2025-01-29 00:00:00-03:00;5,917183039694805;5,9801317355632895;5,9093146403131565;5,972263336181641;100026;0,0;0,0
2025-01-30 00:00:00-03:00;5,980131751052355;6,098160743713379;5,980131751052355;6,098160743713379;209109;0,0;0,0
2025-01-31 00:00:00-03:00;6,098160984755045;6,1925840325345884;6,074555035208239;6,129635334014893;190959;0,0;0,0
2025-02-03 00:00:00-03:00;6,129634966471464;6,153240914602817;6,019474750667392;6,121766567230225;203939;0,0;0,0
2025-02-04 00:00:00-03:00;6,129635334014893;6,1689784581916225;6,082423810125121;6,129635334014893;155589;0,0;0,0
2025-02-05 00:00:00-03:00;6,129634139765825;6,153240084713436;6,019473938819092;6,0902910232543945;241420;0,0;0,0
2025-02-06 00:00:00-03:00;6,098160259679609;6,161108950714663;6,082423086920846;6,106029033660889;158315;0,0;0,0
2025-02-07 00:00:00-03:00;6,1375042312913415;6,192584155992249;6,129635456217585;6,176846981048584;127734;0,0;0,0
2025-02-10 00:00:00-03:00;6,200451987370775;6,271269076237143;6,176846040946125;6,239794731140137;229983;0,0;0,0
2025-02-11 00:00:00-03:00;6,224057917796012;6,263401039039744;6,200452345212821;6,255532264709473;138791;0,0;0,0
2025-02-12 00:00:00-03:00;6,255532483704134;6,255532483704134;6,1532410402562565;6,168978214263916;240211;0,0;0,0
2025-02-13 00:00:00-03:00;6,129075321544595;6,129075321544595;6,025328239714345;6,065230846405029;291917;0,11;0,0
2025-02-14 00:00:00-03:00;6,129075020206485;6,137055769478098;6,065230548205855;6,105133533477783;160577;0,0;0,0
2025-02-17 00:00:00-03:00;6,12907433377064;6,216860663211264;6,113113217558074;6,184938430786133;211162;0,0;0,0
2025-02-18 00:00:00-03:00;6,1849385914938475;6,264744174630322;6,1849385914938475;6,232821941375732;228368;0,0;0,0
2025-02-19 00:00:00-03:00;6,296667575836182;6,328589815011938;6,240803847550161;6,296667575836182;177083;0,0;0,0
2025-02-20 00:00:00-03:00;6,32060929191846;6,328589661246947;6,240803695918095;6,248784065246582;184211;0,0;0,0
2025-02-21 00:00:00-03:00;6,304647922515869;6,336570159649168;6,288686803949219;6,304647922515869;133547;0,0;0,0
2025-02-24 00:00:00-03:00;6,320609144082185;6,3445506320507645;6,248783919090268;6,3365702629089355;177209;0,0;0,0
2025-02-25 00:00:00-03:00;6,336569627158269;6,344549995499425;6,288686275482178;6,288686275482178;167219;0,0;0,0
2025-02-26 00:00:00-03:00;6,328589410094301;6,336570159649168;6,256764566815921;6,304647922515869;158544;0,0;0,0
2025-02-27 00:00:00-03:00;6,304647055258167;6,344549655914307;6,29666630680112;6,344549655914307;143211;0,0;0,0
2025-02-28 00:00:00-03:00;6,344550516688523;6,456278726987317;6,328589398151992;6,44829797744751;149741;0,0;0,0
2025-03-05 00:00:00-03:00;6,440316489112762;6,520122453183628;6,440316489112762;6,512141704559326;149994;0,0;0,0
2025-03-06 00:00:00-03:00;6,472238722523893;6,512141704559326;6,472238722523893;6,512141704559326;192926;0,0;0,0
2025-03-07 00:00:00-03:00;6,512142388653555;6,591948361107962;6,512142388653555;6,575986862182617;202585;0,0;0,0
2025-03-10 00:00:00-03:00;6,583968639373779;6,663774624285549;6,568007137956915;6,583968639373779;211982;0,0;0,0
2025-03-11 00:00:00-03:00;6,591949390082212;6,647813122868683;6,568007137956915;6,583968639373779;167287;0,0;0,0
2025-03-12 00:00:00-03:00;6,583967759574324;6,615889997056086;6,575987009932339;6,591948509216309;176678;0,0;0,0
2025-03-13 00:00:00-03:00;6,607909247414101;6,62387074669807;6,583967759574324;6,591948509216309;139180;0,0;0,0
2025-03-14 00:00:00-03:00;6,615889653822806;6,6478118896484375;6,591948167225116;6,6478118896484375;220960;0,0;0,0
2025-03-17 00:00:00-03:00;6,607326370228889;6,664006620004471;6,574937545755629;6,639715194702148;231473;0,12;0,0
2025-03-18 00:00:00-03:00;6,639715759520933;6,720688213697387;6,631618359661178;6,664007186889648;160223;0,0;0,0
2025-03-19 00:00:00-03:00;6,680200941807851;6,728784561157227;6,680200941807851;6,728784561157227;147748;0,0;0,0
2025-03-20 00:00:00-03:00;6,728784561157227;6,761173383319998;6,704492365377322;6,728784561157227;177532;0,0;0,0
2025-03-21 00:00:00-03:00;6,728784426775088;6,801658696028113;6,728784426775088;6,761173248291016;190159;0,0;0,0
2025-03-24 00:00:00-03:00;6,801658310539147;6,817853106484467;6,769269490858879;6,785464286804199;163612;0,0;0,0
2025-03-25 00:00:00-03:00;6,80165958404541;6,809756983534183;6,728785305277999;6,80165958404541;170022;0,0;0,0
2025-03-26 00:00:00-03:00;6,809756167628425;6,874533811356296;6,809756167628425;6,858339786529541;146310;0,0;0,0
2025-03-27 00:00:00-03:00;6,866436980341378;6,8907291779048725;6,8259515288231984;6,882631778717041;175568;0,0;0,0
2025-03-28 00:00:00-03:00;6,898826192319288;7,020284084520642;6,88263139484687;6,995992660522461;199541;0,0;0,0
2025-03-31 00:00:00-03:00;7,004088861739964;7,133644917020961;6,9959922357058515;7,076963901519775;257484;0,0;0,0
2025-04-01 00:00:00-03:00;7,076963768494724;7,11744998674587;7,05267234642819;7,1093525886535645;172865;0,0;0,0
2025-04-02 00:00:00-03:00;7,101257185616307;7,14174263862871;7,101257185616307;7,133646011352539;150407;0,0;0,0
2025-04-03 00:00:00-03:00;7,15793680001053;7,190325622861736;7,141742002479703;7,149839401245117;173538;0,0;0,0
2025-04-04 00:00:00-03:00;7,149839309669441;7,19032553076751;7,1012564621201095;7,125547885894775;170870;0,0;0,0
2025-04-07 00:00:00-03:00;7,109353081815031;7,109353081815031;6,518256879860462;6,8988261222839355;491359;0,0;0,0
2025-04-08 00:00:00-03:00;6,9150202851317015;7,036478178519536;6,8988262597115355;7,00408935546875;153256;0,0;0,0
2025-04-09 00:00:00-03:00;6,995992978092286;7,020284403193131;6,92311793057927;7,0121870040893555;154682;0,0;0,0
2025-04-10 00:00:00-03:00;7,004088994605811;7,085061434166162;6,995992368418108;7,044575214385986;193094;0,0;0,0
2025-04-11 00:00:00-03:00;7,032267873879881;7,0404737421180865;6,84353759972918;6,892771244049072;195005;0,115;0,0
2025-04-14 00:00:00-03:00;6,89277028417532;6,966621522925447;6,89277028417532;6,9502105712890625;154082;0,0;0,0
2025-04-15 00:00:00-03:00;6,966621515118227;7,171763496947771;6,950210563500233;7,138940811157227;257800;0,0;0,0
2025-04-16 00:00:00-03:00;7,163557911725615;7,171763779134766;7,056884765625;7,056884765625;141050;0,0;0,0
2025-04-17 00:00:00-03:00;7,073295492664923;7,130734997590851;7,065089625517058;7,097912311553955;129069;0,0;0,0
2025-04-22 00:00:00-03:00;7,106118326655606;7,1389410133758915;7,065089772616605;7,089707374572754;194927;0,0;0,0
2025-04-23 00:00:00-03:00;7,089707374572753;7,1389410133758915;7,065089772616605;7,089707374572754;201454;0,0;0,0
2025-04-24 00:00:00-03:00;7,073295492664923;7,138940864738716;7,073295492664923;7,097912311553955;129272;0,0;0,0
2025-04-25 00:00:00-03:00;7,106118303237682;7,106118303237682;7,040472930013443;7,081501483917236;156361;0,0;0,0
2025-04-28 00:00:00-03:00;7,089707226960653;7,114324045849684;7,065089625517058;7,097912311553955;166367;0,0;0,0
2025-04-29 00:00:00-03:00;7,11432401591396;7,163557653484856;7,097912281687288;7,147146701812744;138035;0,0;0,0
2025-04-30 00:00:00-03:00;7,16355752416194;7,2209978103637695;7,1471465727860926;7,2209978103637695;203831;0,0;0,0
2025-05-02 00:00:00-03:00;7,220998154653129;7,303054480553814;7,220998154653129;7,294849395751953;166385;0,0;0,0
2025-05-05 00:00:00-03:00;7,303054809570312;7,352289233372494;7,270232121220397;7,3030548095703125;212018;0,0;0,0
2025-05-06 00:00:00-03:00;7,3030537811160965;7,33587646484375;7,253820146801871;7,33587646484375;176881;0,0;0,0
2025-05-07 00:00:00-03:00;7,335877497920227;7,385111921722408;7,27843798894653;7,3030548095703125;185959;0,0;0,0
2025-05-08 00:00:00-03:00;7,303055640957609;7,39331863111147;7,286644686191721;7,385112762451172;222543;0,0;0,0
2025-05-09 00:00:00-03:00;7,409727645825936;7,4507561958304205;7,376904962333249;7,434345245361328;193163;0,0;0,0
2025-05-12 00:00:00-03:00;7,434345298581216;7,450756249167789;7,319465514257177;7,33587646484375;213107;0,0;0,0
2025-05-13 00:00:00-03:00;7,335875940245676;7,385110353593592;7,3276708568163995;7,376904487609863;125850;0,0;0,0
2025-05-14 00:00:00-03:00;7,4018557930158595;7,4018557930158595;7,26047196116607;7,318689346313477;206635;0,12;0,0
2025-05-15 00:00:00-03:00;7,3186890432786464;7,393539397410672;7,3186890432786464;7,343638896942139;136318;0,0;0,0
2025-05-16 00:00:00-03:00;7,393539571801508;7,393539571801508;7,343639070155976;7,368588924407959;127791;0,0;0,0
2025-05-19 00:00:00-03:00;7,3685883695763215;7,410171985626221;7,335321635364703;7,410171985626221;187418;0,0;0,0
2025-05-20 00:00:00-03:00;7,401854739644198;7,435121472219217;7,368588007069179;7,418488502502441;206553;0,0;0,0
2025-05-21 00:00:00-03:00;7,426806164783611;7,435122253945615;7,385222546407381;7,3935394287109375;154550;0,0;0,0
2025-05-22 00:00:00-03:00;7,435122222469311;7,435122222469311;7,343638896942139;7,343638896942139;213051;0,0;0,0
2025-05-23 00:00:00-03:00;7,39353985594461;7,4184897111554475;7,343639352381338;7,401855945587158;124318;0,0;0,0
2025-05-26 00:00:00-03:00;7,4018549283011135;7,4434385433651284;7,335321461455284;7,3852219581604;220192;0,0;0,0
2025-05-27 00:00:00-03:00;7,435122683582141;7,435122683582141;7,376906090376321;7,401855945587158;122207;0,0;0,0
2025-05-28 00:00:00-03:00;7,401855772749582;7,443439392557708;7,368589035531397;7,376905918121338;167582;0,0;0,0
2025-05-29 00:00:00-03:00;7,40185491497909;7,443438529968262;7,385221944868313;7,443438529968262;150995;0,0;0,0
2025-05-30 00:00:00-03:00;7,451755635518967;7,485022369881669;7,401855137404158;7,4600725173950195;134057;0,0;0,0
2025-06-02 00:00:00-03:00;7,485022656379828;7,526606274210246;7,468388891991044;7,493339538574219;198403;0,0;0,0
2025-06-03 00:00:00-03:00;7,49334012627807;7,543239837074982;7,4850232434313835;7,501657009124756;137791;0,0;0,0
2025-06-04 00:00:00-03:00;7,5349222622747565;7,543238350340781;7,509971618652344;7,509971618652344;156386;0,0;0,0
2025-06-05 00:00:00-03:00;7,5099723189502345;7,5349229648992715;7,501656230108743;7,52660608291626;115628;0,0;0,0
2025-06-06 00:00:00-03:00;7,52660614570544;7,55987288077349;7,518289263653045;7,543239116668701;179463;0,0;0,0
2025-06-09 00:00:00-03:00;7,543239116668701;7,568189762825884;7,518289263653045;7,543239116668701;253627;0,0;0,0
2025-06-10 00:00:00-03:00;7,543238975282159;7,56818962097168;7,526606004630657;7,56818962097168;158179;0,0;0,0
2025-06-11 00:00:00-03:00;7,568189383458272;7,609772205352783;7,551555620187277;7,609772205352783;147843;0,0;0,0
2025-06-12 00:00:00-03:00;7,57182901156651;7,588693160125461;7,487510681152344;7,487510681152344;220987;0,125;0,0
2025-06-13 00:00:00-03:00;7,546534060809803;7,5886936306946;7,487511145447234;7,529670715332031;169944;0,0;0,0
2025-06-16 00:00:00-03:00;7,56339867378175;7,588694095611572;7,538102447824966;7,588694095611572;146625;0,0;0,0
2025-06-17 00:00:00-03:00;7,571829306419439;7,61398887533168;7,563398035938506;7,59712553024292;120524;0,0;0,0
2025-06-18 00:00:00-03:00;7,59712553024292;7,61398887533168;7,571829306419439;7,59712553024292;181020;0,0;0,0
2025-06-20 00:00:00-03:00;7,588693132164609;7,630852699279785;7,588693132164609;7,630852699279785;152235;0,0;0,0
2025-06-23 00:00:00-03:00;7,630853024547333;7,630853024547333;7,588693455635093;7,59712553024292;181423;0,0;0,0
2025-06-24 00:00:00-03:00;7,588691872806364;7,60555601850454;7,580259799957275;7,580259799957275;143672;0,0;0,0
2025-06-25 00:00:00-03:00;7,580260751219402;7,60555697294114;7,546533259717246;7,563397407531738;143438;0,0;0,0
2025-06-26 00:00:00-03:00;7,563397407531737;7,588692825126649;7,554965333624492;7,563397407531738;109351;0,0;0,0
2025-06-27 00:00:00-03:00;7,563396615936383;7,622419518856033;7,563396615936383;7,613987445831299;130585;0,0;0,0
2025-06-30 00:00:00-03:00;7,613987445831299;7,647714933803491;7,597124103908574;7,613987445831299;177771;0,0;0,0
2025-07-01 00:00:00-03:00;7,630853339604402;7,656148760345367;7,588693768951508;7,6224212646484375;249665;0,0;0,0
2025-07-02 00:00:00-03:00;7,6224206153231675;7,6730122566223145;7,6224206153231675;7,6730122566223145;150766;0,0;0,0
2025-07-03 00:00:00-03:00;7,630853800391136;7,715172142661533;7,630853800391136;7,6814446449279785;133612;0,0;0,0
2025-07-04 00:00:00-03:00;7,68987606800706;7,748898983001709;7,68144399325728;7,748898983001709;125747;0,0;0,0
2025-07-07 00:00:00-03:00;7,748898819897918;7,765762969042512;7,715171325735621;7,757330894470215;231117;0,0;0,0
2025-07-08 00:00:00-03:00;7,7573319963786;7,791059495331798;7,7404686489655035;7,774196147918701;148997;0,0;0,0
2025-07-09 00:00:00-03:00;7,79105806350708;7,807922211947923;7,774194719193094;7,79105806350708;243605;0,0;0,0
2025-07-10 00:00:00-03:00;7,75733105775149;7,782626477873923;7,715171488129495;7,748898983001709;184593;0,0;0,0
2025-07-11 00:00:00-03:00;7,710432296431297;7,761720743936041;7,650594687388863;7,753172397613525;255958;0,125;0,0
2025-07-14 00:00:00-03:00;7,75317270993616;7,76172105660303;7,6933359136984825;7,736076831817627;171695;0,0;0,0
2025-07-15 00:00:00-03:00;7,736076918845556;7,761721143919447;7,7275285720825195;7,7275285720825195;123710;0,0;0,0
2025-07-16 00:00:00-03:00;7,744625568389893;7,761721447369123;7,718980527098175;7,744625568389893;146697;0,0;0,0
2025-07-17 00:00:00-03:00;7,736076918845556;7,753172797156411;7,710432693771664;7,7275285720825195;151601;0,0;0,0
2025-07-18 00:00:00-03:00;7,761720272474334;7,778816964080879;7,676238444871857;7,718979358673096;207354;0,0;0,0
2025-07-21 00:00:00-03:00;7,676237974453257;7,693334665012076;7,616401187927543;7,684786319732666;256063;0,0;0,0
2025-07-22 00:00:00-03:00;7,684788615820051;7,701885311487079;7,6420476918678;7,6933369636535645;109811;0,0;0,0
2025-07-23 00:00:00-03:00;7,69333610733578;7,69333610733578;7,633499309592041;7,650595188140869;122326;0,0;0,0
2025-07-24 00:00:00-03:00;7,6505954785278325;7,718980625749235;7,642047131321343;7,701884746551514;102915;0,0;0,0
2025-07-25 00:00:00-03:00;7,710431828084948;7,736076050279641;7,6676909142837095;7,718979358673096;157300;0,0;0,0
2025-07-28 00:00:00-03:00;7,71897976437645;7,7275281106290175;7,650594624786251;7,659142971038818;144091;0,0;0,0
2025-07-29 00:00:00-03:00;7,659142408312258;7,693334975595188;7,650594062687748;7,667690753936768;115739;0,0;0,0
2025-07-30 00:00:00-03:00;7,693335635994815;7,693335635994815;7,607853802842135;7,6164021492004395;172964;0,0;0,0
2025-07-31 00:00:00-03:00;7,684786721754404;7,69333506748101;7,257379218005458;7,624949932098389;238760;0,0;0,0
2025-08-01 00:00:00-03:00;7,69333506748101;7,7104317589342255;7,607853240645174;7,624949932098389;149491;0,0;0,0
2025-08-04 00:00:00-03:00;7,650594719418476;7,787365000290621;7,59930627169901;7,6164021492004395;193706;0,0;0,0
2025-08-05 00:00:00-03:00;7,693334975595188;7,693334975595188;7,616401495404818;7,667690753936768;120052;0,0;0,0
2025-08-06 00:00:00-03:00;7,6933369636535645;7,710433659320592;7,650596039701314;7,6933369636535645;110113;0,0;0,0
2025-08-07 00:00:00-03:00;7,7617214363230165;7,813010703618212;7,701884637157995;7,778818130493164;127813;0,0;0,0
2025-08-08 00:00:00-03:00;7,778816387294427;7,830104827880859;7,770268042125;7,830104827880859;185705;0,0;0,0
2025-08-11 00:00:00-03:00;7,83865557368511;7,855751454044614;7,744626193669552;7,795914649963379;171633;0,0;0,0
2025-08-12 00:00:00-03:00;7,79591370597984;7,830106277773887;7,718980215639427;7,761721134185791;117507;0,0;0,0
2025-08-13 00:00:00-03:00;7,761720932521812;7,779065957660651;7,648980750288317;7,753048419952393;235949;0,13;0,0
2025-08-14 00:00:00-03:00;7,796409125120454;7,805081636543437;7,735703199271993;7,770392417907715;113169;0,0;0,0
2025-08-15 00:00:00-03:00;7,81375606454547;7,81375606454547;7,7617218103006795;7,796411037445068;123417;0,0;0,0
2025-08-18 00:00:00-03:00;7,796411037445068;7,81375606454547;7,7617218103006795;7,796411037445068;157082;0,0;0,0
2025-08-19 00:00:00-03:00;7,80508279800415;7,83109950908839;7,787737772577101;7,80508279800415;190782;0,0;0,0
2025-08-20 00:00:00-03:00;7,822427549825046;7,8484442599992965;7,787737500184306;7,839771747589111;130495;0,0;0,0
2025-08-21 00:00:00-03:00;7,839771949189311;7,857116974455709;7,822427750979238;7,84844446182251;113471;0,0;0,0
2025-08-22 00:00:00-03:00;7,84844446182251;7,865788660032583;7,831099436556111;7,84844446182251;87662;0,0;0,0
2025-08-25 00:00:00-03:00;7,883134164480742;7,891806677641106;7,80508320015022;7,822428226470947;214669;0,0;0,0
2025-08-26 00:00:00-03:00;7,822427750979238;7,857116974455709;7,813755238346039;7,84844446182251;121924;0,0;0,0
2025-08-27 00:00:00-03:00;7,848444663200188;7,874461374711004;7,8050829259779295;7,857117176055908;149195;0,0;0,0
2025-08-28 00:00:00-03:00;7,857117851964508;7,891807079315186;7,83977282476096;7,8918070793151855;103027;0,0;0,0
2025-08-29 00:00:00-03:00;7,90047856389044;7,917823590650575;7,874461850806635;7,909151077270508;132558;0,0;0,0
2025-09-01 00:00:00-03:00;7,891806328014727;7,96118477611125;7,891806328014727;7,926495552062988;216909;0,0;0,0
2025-09-02 00:00:00-03:00;7,935165882110596;7,9611834159941175;7,917821686577779;7,935165882110596;149583;0,0;0,0
2025-09-03 00:00:00-03:00;7,935167988551042;7,969857215881348;7,926496302010779;7,969857215881348;146771;0,0;0,0
2025-09-04 00:00:00-03:00;7,969855511024597;8,021889754417456;7,943838802856288;7,978528022766113;151124;0,0;0,0
2025-09-05 00:00:00-03:00;7,952510980807976;8,056578636169434;7,952510980807976;8,056578636169434;154510;0,0;0,0
2025-09-08 00:00:00-03:00;8,02189084255696;8,091269291787539;8,02189084255696;8,082596778869629;194465;0,0;0,0
2025-09-09 00:00:00-03:00;8,099941729767227;8,108614242604903;8,056579992635196;8,073925018310547;193398;0,0;0,0
2025-09-10 00:00:00-03:00;8,108613292427082;8,1606467092431;8,082595756962824;8,125957489013672;201455;0,0;0,0
2025-09-11 00:00:00-03:00;8,11716365814209;8,11716365814209;8,038015417306298;8,11716365814209;226909;0,13;0,0
2025-09-12 00:00:00-03:00;8,11716326026186;8,152341372721086;8,046808712728133;8,09957504272461;156399;0,0;0,0
2025-09-15 00:00:00-03:00;8,099574786014783;8,134752058666729;8,046808457690695;8,090780258178711;232637;0,0;0,0
2025-09-16 00:00:00-03:00;8,090781674220578;8,152342541155067;8,064398924787215;8,143548011779785;151306;0,0;0,0
2025-09-17 00:00:00-03:00;8,161135443334617;8,222696304321289;8,152341753501435;8,222696304321289;183617;0,0;0,0
2025-09-18 00:00:00-03:00;8,240284309643183;8,266667055845453;8,169929760642214;8,17872428894043;180679;0,0;0,0
2025-09-19 00:00:00-03:00;8,249078794088872;8,249078794088872;8,17872424546191;8,21390151977539;123125;0,0;0,0
2025-09-22 00:00:00-03:00;8,240284179341925;8,293050509604464;8,22269596171599;8,284255981445312;178043;0,0;0,0
2025-09-23 00:00:00-03:00;8,284254770098288;8,310637512025615;8,240282974424579;8,275460243225098;117959;0,0;0,0
2025-09-24 00:00:00-03:00;8,310637512025615;8,328226565771997;8,266665716351907;8,275460243225098;111164;0,0;0,0
2025-09-25 00:00:00-03:00;8,30184368411574;8,337020955877964;8,266666412353516;8,266666412353516;131134;0,0;0,0
2025-09-26 00:00:00-03:00;8,337021827697754;8,345816356231051;8,293050862416074;8,337021827697754;160465;0,0;0,0
2025-09-29 00:00:00-03:00;8,337021827697754;8,345816356231051;8,310639080790265;8,337021827697754;174523;0,0;0,0
2025-09-30 00:00:00-03:00;8,345815617079007;8,380992889404297;8,328227400262527;8,380992889404297;159189;0,0;0,0
2025-10-01 00:00:00-03:00;8,389788141487298;8,460142692211905;8,372199923152346;8,442554473876953;186279;0,0;0,0
2025-10-02 00:00:00-03:00;8,442553918442293;8,486524880733027;8,442553918442293;8,460142135620117;119147;0,0;0,0
2025-10-03 00:00:00-03:00;8,48652443982347;8,48652443982347;8,46014169608125;8,477730751037598;152552;0,0;0,0
2025-10-06 00:00:00-03:00;8,468936877066126;8,504114151000977;8,46014234890932;8,504114151000977;146837;0,0;0,0
2025-10-07 00:00:00-03:00;8,504114108078634;8,539291381835938;8,468936834321331;8,539291381835938;132358;0,0;0,0
2025-10-08 00:00:00-03:00;8,5568781678495;8,592056274414062;8,530495426618302;8,592056274414062;122339;0,0;0,0
2025-10-09 00:00:00-03:00;8,592057153743868;8,6448226416064;8,495319028175379;8,556879043579102;186300;0,0;0,0
2025-10-10 00:00:00-03:00;8,609647750854492;8,662414092000162;8,565675939681856;8,609647750854492;209749;0,0;0,0
2025-10-13 00:00:00-03:00;8,565037329499424;8,698865692110987;8,324145255766638;8,440130233764648;424726;0,14;0,0
2025-10-14 00:00:00-03:00;8,449051227893698;8,502582225475443;8,44012911134345;8,47581672668457;140374;0,0;0,0
2025-10-15 00:00:00-03:00;8,475816759720336;8,475816759720336;8,422284911070076;8,457972526550293;130193;0,0;0,0
2025-10-16 00:00:00-03:00;8,45797216692596;8,45797216692596;7,967267687652195;8,020798683166504;707756;0,0;0,0
2025-10-17 00:00:00-03:00;8,029720924223852;8,208158996812413;8,029720924223852;8,101096153259277;408174;0,0;0,0
2025-10-20 00:00:00-03:00;8,101097072354607;8,217082045410999;8,074331571144652;8,118941307067871;249185;0,0;0,0
2025-10-21 00:00:00-03:00;8,163550170482713;8,217082023620605;8,118941285537732;8,217082023620605;138722;0,0;0,0
2025-10-22 00:00:00-03:00;8,19031635190461;8,270613704509152;8,172472117610301;8,252769470214844;157846;0,0;0,0
2025-10-23 00:00:00-03:00;8,172472459505956;8,252769815469742;8,118941456103405;8,181394577026367;182878;0,0;0,0
2025-10-24 00:00:00-03:00;8,208160826429964;8,315223693847656;8,190317440623701;8,315223693847656;123140;0,0;0,0
2025-10-27 00:00:00-03:00;8,28845656573423;8,475816759720336;8,234924717083969;8,457972526550293;155714;0,0;0,0
2025-10-28 00:00:00-03:00;8,457973295662196;8,475817530454876;8,333067055553228;8,41336441040039;166056;0,0;0,0
2025-10-29 00:00:00-03:00;8,38659746376022;8,449051430247845;8,368754081092245;8,422285079956055;106589;0,0;0,0
2025-10-30 00:00:00-03:00;8,422285079956055;8,449051430247845;8,38659746376022;8,422285079956055;150565;0,0;0,0
2025-10-31 00:00:00-03:00;8,457973295662196;8,466895413058536;8,35091043948596;8,41336441040039;129041;0,0;0,0
2025-11-03 00:00:00-03:00;8,413365783877548;8,520428657531738;8,413365783877548;8,520428657531738;282887;0,0;0,0
2025-11-04 00:00:00-03:00;8,52042692086628;8,538270304075029;8,484739303588867;8,484739303588867;140150;0,0;0,0
2025-11-05 00:00:00-03:00;8,47581733771957;8,547192573547363;8,466895220526116;8,547192573547363;144060;0,0;0,0
2025-11-06 00:00:00-03:00;8,556114061023568;8,609645058524645;8,547191944486766;8,573957443237305;136793;0,0;0,0
2025-11-07 00:00:00-03:00;8,609645316457831;8,645332932814323;8,59180193370953;8,636411666870117;175480;0,0;0,0
2025-11-10 00:00:00-03:00;8,645332966392193;8,66317720006969;8,556114350584387;8,61856746673584;276350;0,0;0,0
2025-11-11 00:00:00-03:00;8,636411408135048;8,663176906885589;8,565036177560367;8,573957443237305;227180;0,0;0,0
2025-11-12 00:00:00-03:00;8,565037940003732;8,60072556263458;8,50258396225472;8,511506080627441;232548;0,0;0,0
2025-11-13 00:00:00-03:00;8,511507034301758;8,520570814722943;8,357411529264137;8,511507034301758;349424;0,15;0,0
2025-11-14 00:00:00-03:00;8,520569961443835;8,692794738980872;8,502441537964794;8,674665451049805;199686;0,0;0,0
2025-11-17 00:00:00-03:00;8,674664518890387;8,719986869395795;8,538698331826097;8,629343032836914;234873;0,0;0,0
2025-11-18 00:00:00-03:00;8,611214639871854;8,692794706351384;8,611214639871854;8,638407707214355;121339;0,0;0,0
2025-11-19 00:00:00-03:00;8,701859474182129;8,710923253790666;8,63840783021015;8,701859474182129;203916;0,0;0,0
2025-11-21 00:00:00-03:00;8,719986910781904;8,719986910781904;8,656536138444348;8,692793846130371;171224;0,0;0,0
2025-11-24 00:00:00-03:00;8,719987806425447;8,719987806425447;8,656537027570764;8,674665451049805;228129;0,0;0,0
2025-11-25 00:00:00-03:00;8,665600848411113;8,774373972309336;8,6384069190976;8,738116264343262;173018;0,0;0,0
2025-11-26 00:00:00-03:00;8,72905152722469;8,747179948786506;8,638406826059798;8,710922241210938;167891;0,0;0,0
2025-11-27 00:00:00-03:00;8,710921423861887;8,774373054504395;8,674663719688391;8,774373054504395;186048;0,0;0,0
2025-11-28 00:00:00-03:00;8,783437791344358;8,82876014262331;8,756244726357767;8,801567077636719;235259;0,0;0,0
2025-12-01 00:00:00-03:00;8,801567077636719;8,83782478576949;8,801567077636719;8,801567077636719;244625;0,0;0,0
2025-12-02 00:00:00-03:00;8,837825806660893;8,874083518981934;8,819696518274348;8,874083518981934;150753;0,0;0,0
2025-12-03 00:00:00-03:00;8,874083518981934;8,883148163175205;8,846890450854167;8,874083518981934;139141;0,0;0,0
2025-12-04 00:00:00-03:00;8,874082498396632;8,883147141547404;8,819695503943956;8,828760147094727;213440;0,0;0,0
2025-12-05 00:00:00-03:00;8,88314716853675;8,88314716853675;8,81063175201416;8,81063175201416;210916;0,0;0,0
2025-12-08 00:00:00-03:00;8,883147235515068;8,919404944049743;8,837824883733733;8,85595417022705;224565;0,0;0,0
2025-12-09 00:00:00-03:00;8,855954174384276;8,928469591487668;8,855954174384276;8,883147239685059;255474;0,0;0,0
2025-12-10 00:00:00-03:00;8,892212868878953;8,93753436125472;8,892212868878953;8,919405937194824;229834;0,0;0,0
2025-12-11 00:00:00-03:00;8,91940520417467;8,91940520417467;8,689523622227236;8,799866676330566;444592;0,14;0,0
2025-12-12 00:00:00-03:00;8,818256523007918;8,827451995600796;8,772280036972058;8,809061050415039;252221;0,0;0,0
2025-12-15 00:00:00-03:00;8,80906258644673;8,919405646016136;8,79067251498284;8,882624626159668;274899;0,0;0,0
2025-12-16 00:00:00-03:00;8,937795190115473;8,956185258689944;8,827452147883003;8,855037689208984;225287;0,0;0,0
2025-12-17 00:00:00-03:00;8,91940520417467;8,946990748468341;8,799866676330566;8,799866676330566;306563;0,0;0,0
2025-12-18 00:00:00-03:00;8,891819365481464;8,919404908861805;8,818257331848145;8,818257331848145;187683;0,0;0,0
2025-12-19 00:00:00-03:00;8,855038934667727;8,956186518375066;8,818257915416998;8,891819953918457;184566;0,0;0,0
2025-12-22 00:00:00-03:00;8,919405421830048;8,992967459694029;8,901015350828384;8,946990966796875;232730;0,0;0,0
2025-12-23 00:00:00-03:00;8,992966217109078;9,066528244808774;8,965380675953828;9,020552635192871;187019;0,0;0,0
2025-12-26 00:00:00-03:00;9,029747161878577;9,103309189015501;9,020552566182864;9,075723648071289;188071;0,0;0,0
2025-12-29 00:00:00-03:00;9,103310584301408;9,158482551574707;9,075725039129093;9,158482551574707;178509;0,0;0,0
2025-12-30 00:00:00-03:00;9,186067145209675;9,213653564453125;9,158481602894804;9,213653564453125;163286;0,0;0,0
2026-01-02 00:00:00-03:00;9,213653858916759;9,250434875488281;9,195262912166694;9,250434875488281;179081;0,0;0,0
2026-01-05 00:00:00-03:00;9,259630057049767;9,296411075945478;9,232044512110148;9,26882553100586;205053;0,0;0,0
2026-01-06 00:00:00-03:00;9,305605376507543;9,36077733635851;9,28721530784292;9,33319091796875;193086;0,0;0,0
2026-01-07 00:00:00-03:00;9,333192385865281;9,397559828636354;9,3056068400655;9,36077880859375;153900;0,0;0,0
2026-01-08 00:00:00-03:00;9,406752946484339;9,452729433538721;9,31480084930413;9,33319091796875;199738;0,0;0,0
2026-01-09 00:00:00-03:00;9,323997053154345;9,379168140402484;9,121701020411056;9,186067581176758;352003;0,0;0,0
2026-01-12 00:00:00-03:00;9,250434579849145;9,369972222189775;9,186067145209675;9,213653564453125;252440;0,0;0,0
2026-01-13 00:00:00-03:00;9,278021083226296;9,287216557259958;9,158482551574707;9,158482551574707;176135;0,0;0,0
2026-01-14 00:00:00-03:00;9,1398290473077;9,186461005139853;9,065218270548504;9,149155616760254;199714;0,14;0,0
2026-01-15 00:00:00-03:00;9,149155705218076;9,27972412109375;9,149155705218076;9,27972412109375;144212;0,0;0,0
2026-01-16 00:00:00-03:00;9,289049877296177;9,326355262770036;9,214439106348461;9,233091354370117;135105;0,0;0,0
2026-01-19 00:00:00-03:00;9,242418146904718;9,335682057563057;9,23309157795277;9,289050102233887;141269;0,0;0,0
2026-01-20 00:00:00-03:00;9,33568286895752;9,354335119051973;9,289050909575415;9,33568286895752;198819;0,0;0,0
2026-01-21 00:00:00-03:00;9,33568286895752;9,428945898291081;9,279724339812864;9,33568286895752;209086;0,0;0,0
2026-01-22 00:00:00-03:00;9,335682137392011;9,36366095505653;9,289050181664093;9,317028999328613;198812;0,0;0,0
2026-01-23 00:00:00-03:00;9,326353808206015;9,372985755133127;9,307700673663007;9,345006942749023;258203;0,0;0,0
2026-01-26 00:00:00-03:00;9,345008706423709;9,372987524088229;9,317028999328613;9,317028999328613;229051;0,0;0,0
2026-01-27 00:00:00-03:00;9,39163977272105;9,39163977272105;9,307702430296914;9,317028999328613;220220;0,0;0,0
2026-01-28 00:00:00-03:00;9,32635629919497;9,372988258577074;9,298377479337965;9,33568286895752;231899;0,0;0,0
2026-01-29 00:00:00-03:00;9,354335119051973;9,372988258577074;9,317029729432418;9,33568286895752;227672;0,0;0,0
2026-01-30 00:00:00-03:00;9,354334102364513;9,419619194176127;9,345008423046183;9,410292625427246;143602;0,0;0,0
2026-02-02 00:00:00-03:00;9,410292258998505;9,466249890451746;9,382313443271885;9,400965690612793;205929;0,0;0,0
2026-02-03 00:00:00-03:00;9,391640153174386;9,428945541381836;9,391640153174386;9,428945541381836;172759;0,0;0,0
2026-02-04 00:00:00-03:00;9,428944953693764;9,456924660178391;9,419619274296112;9,438271522521973;128708;0,0;0,0
2026-02-05 00:00:00-03:00;9,447598457336426;9,475577275474354;9,438271888146918;9,447598457336426;158595;0,0;0,0
2026-02-06 00:00:00-03:00;9,484904002267527;9,540861639473189;9,466250863578567;9,503556251525879;156564;0,0;0,0
2026-02-09 00:00:00-03:00;9,503556548621267;9,60614703575646;9,503556548621267;9,587493896484375;238169;0,0;0,0
2026-02-10 00:00:00-03:00;9,587493308560394;9,652778402578642;9,587493308560394;9,596819877624512;150230;0,0;0,0
2026-02-11 00:00:00-03:00;9,59682032098434;9,634125709533691;9,568841501929983;9,634125709533691;165215;0,0;0,0
2026-02-12 00:00:00-03:00;9,62939589184971;9,62939589184971;9,440212545358373;9,459131240844727;382150;0,145;0,0
2026-02-13 00:00:00-03:00;9,459131752611025;9,572641225391186;9,383458770757585;9,56318187713623;328641;0,0;0,0
2026-02-18 00:00:00-03:00;9,563181462678404;9,63885444125226;9,478050038352613;9,601017951965332;155324;0,0;0,0
2026-02-19 00:00:00-03:00;9,601018099519392;9,61993679550014;9,56318160965097;9,610477447509766;151576;0,0;0,0
2026-02-20 00:00:00-03:00;9,61993623401094;9,648313374232693;9,591559093789188;9,638854026794434;201545;0,0;0,0
2026-02-23 00:00:00-03:00;9,629395581449199;9,648313374232693;9,601017539134425;9,638854026794434;169053;0,0;0,0
2026-02-24 00:00:00-03:00;9,648314085367504;9,65777343350297;9,591559800740892;9,6199369430542;239161;0,0;0,0
2026-02-25 00:00:00-03:00;9,6199369430542;9,63885473723204;9,572641104469962;9,6199369430542;219928;0,0;0,0
2026-02-26 00:00:00-03:00;9,6199369430542;9,65777343350297;9,6199369430542;9,6199369430542;165450;0,0;0,0
2026-02-27 00:00:00-03:00;9,60101770766635;9,638854195990524;9,553722773830911;9,582099914550781;243433;0,0;0,0
2026-03-02 00:00:00-03:00;9,610476895429324;9,610476895429324;9,430753804401908;9,44021224975586;489843;0,0;0,0
2026-03-03 00:00:00-03:00;9,440212692716658;9,515886573750265;9,440212692716658;9,46859073638916;241896;0,0;0,0
2026-03-04 00:00:00-03:00;9,468590440490741;9,478049788085967;9,440212397705068;9,449671745300293;316796;0,0;0,0
2026-03-05 00:00:00-03:00;9,45913094464981;9,478049639543762;9,373998621813078;9,44021224975586;285115;0,0;0,0
2026-03-06 00:00:00-03:00;9,440212153142895;9,47804954254356;9,421294360535576;9,430753707885742;242522;0,0;0,0
2026-03-09 00:00:00-03:00;9,459131656558133;9,459131656558133;9,411835817856725;9,421295166015625;261885;0,0;0,0
2026-03-10 00:00:00-03:00;9,430754092503593;9,430754092503593;9,326703071594238;9,326703071594238;356021;0,0;0,0
2026-03-11 00:00:00-03:00;9,364539685570449;9,402376174926758;9,35508123980117;9,402376174926758;487665;0,0;0,0
2026-03-12 00:00:00-03:00;9,38797637680053;9,407175132438278;9,368778536609838;9,378377914428711;207308;0,145;0,0
2026-03-13 00:00:00-03:00;9,387977833637935;9,445573194041838;9,359180611159582;9,426374435424805;290966;0,0;0,0
2026-03-16 00:00:00-03:00;9,426373859758659;9,426373859758659;9,38797726031666;9,40717601776123;251854;0,0;0,0
2026-03-17 00:00:00-03:00;9,416775396483516;9,416775396483516;9,368779418319232;9,40717601776123;229077;0,0;0,0
2026-03-18 00:00:00-03:00;9,416775396483516;9,426373859758659;9,38797726031666;9,40717601776123;287084;0,0;0,0
2026-03-19 00:00:00-03:00;9,407175402612475;9,407175402612475;9,378378183775853;9,38797664642334;209738;0,0;0,0
2026-03-20 00:00:00-03:00;9,407175402612475;9,407175402612475;9,378378183775853;9,38797664642334;225518;0,0;0,0
2026-03-23 00:00:00-03:00;9,38797726031666;9,40717601776123;9,38797726031666;9,40717601776123;212086;0,0;0,0
2026-03-24 00:00:00-03:00;9,407175402612475;9,407175402612475;9,368778805681286;9,38797664642334;205956;0,0;0,0
2026-03-25 00:00:00-03:00;9,387977364639184;9,387977364639184;9,301584786072876;9,349580764770508;384186;0,0;0,0
2026-03-26 00:00:00-03:00;9,330383408315631;9,3687800101833;9,253590204580293;9,272788047790527;282793;0,0;0,0
2026-03-27 00:00:00-03:00;9,35917956637058;9,35917956637058;9,253589152105814;9,330382347106934;259662;0,0;0,0
2026-03-30 00:00:00-03:00;9,330382622936348;9,33998108600992;9,176796228393712;9,186394691467285;516160;0,0;0,0
2026-03-31 00:00:00-03:00;9,224792674844016;9,330384023527822;9,224792674844016;9,291987419128418;280838;0,0;0,0
2026-04-01 00:00:00-03:00;9,311184341730707;9,311184341730707;9,243990519546234;9,263188362121582;420788;0,0;0,0
2026-04-02 00:00:00-03:00;9,291986499155358;9,301584962719447;9,234391140534974;9,263188362121582;348248;0,0;0,0
2026-04-06 00:00:00-03:00;9,272787764243931;9,416775703430176;9,263188385208748;9,416775703430176;297459;0,0;0,0
2026-04-07 00:00:00-03:00;9,426373952763113;9,512766531221782;9,407176110576271;9,503167152404785;202398;0,0;0,0
2026-04-08 00:00:00-03:00;9,522365805994205;9,579960247372588;9,522365805994205;9,560762405395508;250023;0,0;0,0
2026-04-09 00:00:00-03:00;9,551162719726562;9,579959939490264;9,512766121559256;9,551162719726562;285732;0,0;0,0
2026-04-10 00:00:00-03:00;9,589560202348046;9,589560202348046;9,301585231809497;9,579960823059082;432320;0,0;0,0
2026-04-13 00:00:00-03:00;9,570362197386405;9,58956004019251;9,493568995267626;9,51276683807373;254386;0,0;0,0
2026-04-14 00:00:00-03:00;9,51276659379708;9,51276659379708;9,464082855637363;9,483555793762207;279467;0,14;0,0
2026-04-15 00:00:00-03:00;9,493293545557915;9,512767413926742;9,464083671569824;9,464083671569824;280088;0,0;0,0
2026-04-16 00:00:00-03:00;9,503029741961189;9,541976547110002;9,483555875104242;9,493292808532715;143949;0,0;0,0
2026-04-17 00:00:00-03:00;9,512766894082704;9,551713700126882;9,483556093125744;9,522502899169922;251312;0,0;0,0
2026-04-20 00:00:00-03:00;9,571187019348145;9,580923953387535;9,541977145795112;9,571187019348145;274973;0,0;0,0
2026-04-22 00:00:00-03:00;9,658817128911098;9,678290067538347;9,600396455899153;9,63934326171875;305061;0,0;0,0
2026-04-23 00:00:00-03:00;9,66855488307391;9,678290888931278;9,571187395978825;9,619871139526367;296835;0,0;0,0
2026-04-24 00:00:00-03:00;9,61986996635507;9,658816770730391;9,580923161979749;9,590660095214844;231390;0,0;0,0
2026-04-27 00:00:00-03:00;9,629606899590165;9,629606899590165;9,551713290839523;9,590660095214844;257951;0,0;0,0
2026-04-28 00:00:00-03:00;9,590660887426925;9,619870760979959;9,561450085308755;9,571187019348145;195388;0,0;0,0
2026-04-29 00:00:00-03:00;9,590660968240089;9,590660968240089;9,541977226198053;9,580924034118652;199194;0,0;0,0
2026-04-30 00:00:00-03:00;9,541977145795112;9,580923953387535;9,53224021175572;9,571187019348145;356990;0,0;0,0
2026-05-04 00:00:00-03:00;9,541976791725615;9,707500949992674;9,541976791725615;9,649080276489258;325789;0,0;0,0
2026-05-05 00:00:00-03:00;9,668554584081285;9,668554584081285;9,580924034118652;9,580924034118652;342749;0,0;0,0
2026-05-06 00:00:00-03:00;9,610133389495326;9,678290067538347;9,600396455899153;9,63934326171875;323341;0,0;0,0
2026-05-07 00:00:00-03:00;9,668554006215402;9,688026944729277;9,580923461490233;9,629607200622559;289665;0,0;0,0
2026-05-08 00:00:00-03:00;9,629607499229719;9,678290311306572;9,629607499229719;9,668554306030273;309660;0,0;0,0
2026-05-11 00:00:00-03:00;9,69776417898941;9,707501112830828;9,629607499229719;9,668554306030273;366044;0,0;0,0
2026-05-12 00:00:00-03:00;9,668554306030273;9,68802724514799;9,6198705653883;9,668554306030273;271875;0,0;0,0
2026-05-13 00:00:00-03:00;9,649080933555235;9,688027742354608;9,61013412475586;9,61013412475586;239377;0,0;0,0
2026-05-14 00:00:00-03:00;9,610132993179715;9,659466514117902;9,59040014937963;9,619999885559082;266451;0,13;0,0
2026-05-15 00:00:00-03:00;9,610133221359693;9,698933372965142;9,610133221359693;9,659466743469238;196565;0,0;0,0
2026-05-18 00:00:00-03:00;9,639733670317815;9,669333406497268;9,610132993179715;9,619999885559082;211641;0,0;0,0
2026-05-19 00:00:00-03:00;9,61999983384437;9,629866726170693;9,560799420845061;9,570666313171387;183862;0,0;0,0
2026-05-20 00:00:00-03:00;9,57066671932753;9,629867134839161;9,57066671932753;9,600266456604004;207544;0,0;0,0
2026-05-21 00:00:00-03:00;9,590400097824036;9,610132941518044;9,570666313171387;9,570666313171387;165752;0,0;0,0
2026-05-22 00:00:00-03:00;9,5706669099177;9,600266647783622;9,560800016976158;9,590400695800781;152078;0,0;0,0
2026-05-25 00:00:00-03:00;9,590400695800781;9,620000433666705;9,580533802859241;9,590400695800781;171248;0,0;0,0
2026-05-26 00:00:00-03:00;9,610132941518044;9,629866726170693;9,570666313171387;9,570666313171387;156442;0,0;0,0
2026-05-27 00:00:00-03:00;9,610133491734384;9,610133491734384;9,541067123413086;9,541067123413086;211164;0,0;0,0
2026-05-28 00:00:00-03:00;9,57066704028059;9,600266778549694;9,481866884514565;9,531200408935547;199923;0,0;0,0
2026-05-29 00:00:00-03:00;9,590399919792086;9,61013276311978;9,560799243362606;9,580533027648926;147307;0,0;0,0
2026-06-01 00:00:00-03:00;9,57066671932753;9,610133349349056;9,541066982051056;9,600266456604004;228660;0,0;0,0
2026-06-02 00:00:00-03:00;9,600266100800349;9,619999885559082;9,59040014937963;9,619999885559082;119562;0,0;0,0
2026-06-03 00:00:00-03:00;9,620000433666705;9,649600171532628;9,590400695800781;9,590400695800781;153682;0,0;0,0
2026-06-05 00:00:00-03:00;9,669333280173854;9,708799908217069;9,590400024087426;9,679200172424316;165630;0,0;0,0
2026-06-08 00:00:00-03:00;9,708800086715595;9,738399823052545;9,649599673083042;9,669333457946777;187024;0,0;0,0
2026-06-09 00:00:00-03:00;9,669333636082882;9,708800265578784;9,629867006586979;9,659466743469238;173395;0,0;0,0
2026-06-10 00:00:00-03:00;9,669333585495009;9,669333585495009;9,600266278519522;9,610133171081543;203075;0,0;0,0
2026-06-11 00:00:00-03:00;9,619999885559082;9,659466514117902;9,570666364620896;9,619999885559082;199566;0,0;0,0
2026-06-12 00:00:00-03:00;9,680000305175781;9,680000305175781;9,630000114440918;9,65999984741211;200859;0,13;0,0
2026-06-15 00:00:00-03:00;9,699999809265137;9,720000267028809;9,65999984741211;9,65999984741211;184903;0,0;0,0
2026-06-16 00:00:00-03:00;9,680000305175781;9,710000038146973;9,649999618530273;9,649999618530273;139616;0,0;0,0
2026-06-17 00:00:00-03:00;9,720000267028809;9,720000267028809;9,670000076293945;9,680000305175781;146391;0,0;0,0
2026-06-18 00:00:00-03:00;9,699999809265137;9,710000038146973;9,649999618530273;9,65999984741211;183576;0,0;0,0
2026-06-19 00:00:00-03:00;9,699999809265137;9,710000038146973;9,670000076293945;9,699999809265137;156025;0,0;0,0
2026-06-22 00:00:00-03:00;9,699999809265137;9,699999809265137;9,649999618530273;9,65999984741211;185516;0,0;0,0
2026-06-23 00:00:00-03:00;9,65999984741211;9,680000305175781;9,630000114440918;9,630000114440918;152770;0,0;0,0
2026-06-24 00:00:00-03:00;9,619999885559082;9,680000305175781;9,619999885559082;9,680000305175781;131284;0,0;0,0
2026-06-25 00:00:00-03:00;9,6899995803833;9,699999809265137;9,640000343322754;9,65999984741211;117883;0,0;0,0
2026-06-26 00:00:00-03:00;9,65999984741211;9,680000305175781;9,640000343322754;9,65999984741211;134419;0,0;0,0
2026-06-29 00:00:00-03:00;9,65999984741211;9,720000267028809;9,649999618530273;9,720000267028809;128209;0,0;0,0
2026-06-30 00:00:00-03:00;9,739999771118164;9,760000228881836;9,710000038146973;9,760000228881836;116423;0,0;0,0
2026-07-01 00:00:00-03:00;9,760000228881836;9,779999732971191;9,729999542236328;9,779999732971191;153306;0,0;0,0
2026-07-02 00:00:00-03:00;9,789999961853027;9,829999923706055;9,789999961853027;9,819999694824219;109001;0,0;0,0
2026-07-03 00:00:00-03:00;9,829999923706055;9,84000015258789;9,779999732971191;9,800000190734863;140096;0,0;0,0
2026-07-06 00:00:00-03:00;9,850000381469727;9,850000381469727;9,779999732971191;9,800000190734863;154522;0,0;0,0
2026-07-07 00:00:00-03:00;9,800000190734863;9,850000381469727;9,649999618530273;9,770000457763672;210397;0,0;0,0
2026-07-08 00:00:00-03:00;9,789999961853027;9,819999694824219;9,59000015258789;9,800000190734863;251447;0,0;0,0
2026-07-09 00:00:00-03:00;9,789999961853027;9,819999694824219;9,770000457763672;9,819999694824219;161112;0,0;0,0
2026-07-10 00:00:00-03:00;9,819999694824219;9,859999656677246;9,779999732971191;9,8100004196167;236451;0,0;0,0
2026-07-13 00:00:00-03:00;9,680000305175781;9,739999771118164;9,619999885559082;9,649999618530273;218885;0,0;0,0
2026-07-14 00:00:00-03:00;9,649999618530273;9,65999984741211;9,600000381469727;9,649999618530273;207675;0,0;0,0
